Jahr,Stadtraum,Geborene
1999,01 StB Altstadt ohne Johannstadt,164
1999,02 Johannstadt,133
1999,03 StB Neustadt ohne Leipziger Vorstadt,306
1999,"04 Leipziger Vorstadt, Pieschen",255
1999,"05 Mickten, Kaditz, Trachau",194
1999,06 StB Klotzsche und nördliche OS,186
1999,07 StB Loschwitz und OS Schönfeld-Weißig,227
1999,"08 Blasewitz, Striesen",355
1999,"09 Tolkewitz, Seidnitz, Gruna",240
1999,10 StB Leuben,254
1999,"11 Prohlis, Reick (mit Sternhäuser, Am Koitschgraben)",168
1999,"12 Niedersedlitz, Leubnitz, Strehlen (ohne Sternhäuser, Am Koitschgraben)",261
1999,"13 Südvorstadt, Zschertnitz",155
1999,"14 Mockritz, Coschütz, Plauen",146
1999,"15 Cotta, Löbtau, Naußlitz, Dölzschen",311
1999,16 Gorbitz,108
1999,17 Briesnitz und westliche OS,167
2000,01 StB Altstadt ohne Johannstadt,178
2000,02 Johannstadt,145
2000,03 StB Neustadt ohne Leipziger Vorstadt,377
2000,"04 Leipziger Vorstadt, Pieschen",308
2000,"05 Mickten, Kaditz, Trachau",262
2000,06 StB Klotzsche und nördliche OS,220
2000,07 StB Loschwitz und OS Schönfeld-Weißig,259
2000,"08 Blasewitz, Striesen",475
2000,"09 Tolkewitz, Seidnitz, Gruna",258
2000,10 StB Leuben,295
2000,"11 Prohlis, Reick (mit Sternhäuser, Am Koitschgraben)",166
2000,"12 Niedersedlitz, Leubnitz, Strehlen (ohne Sternhäuser, Am Koitschgraben)",270
2000,"13 Südvorstadt, Zschertnitz",156
2000,"14 Mockritz, Coschütz, Plauen",193
2000,"15 Cotta, Löbtau, Naußlitz, Dölzschen",363
2000,16 Gorbitz,132
2000,17 Briesnitz und westliche OS,187
2001,01 StB Altstadt ohne Johannstadt,150
2001,02 Johannstadt,123
2001,03 StB Neustadt ohne Leipziger Vorstadt,343
2001,"04 Leipziger Vorstadt, Pieschen",384
2001,"05 Mickten, Kaditz, Trachau",246
2001,06 StB Klotzsche und nördliche OS,212
2001,07 StB Loschwitz und OS Schönfeld-Weißig,302
2001,"08 Blasewitz, Striesen",501
2001,"09 Tolkewitz, Seidnitz, Gruna",259
2001,10 StB Leuben,332
2001,"11 Prohlis, Reick (mit Sternhäuser, Am Koitschgraben)",148
2001,"12 Niedersedlitz, Leubnitz, Strehlen (ohne Sternhäuser, Am Koitschgraben)",253
2001,"13 Südvorstadt, Zschertnitz",165
2001,"14 Mockritz, Coschütz, Plauen",190
2001,"15 Cotta, Löbtau, Naußlitz, Dölzschen",340
2001,16 Gorbitz,91
2001,17 Briesnitz und westliche OS,136
2003,01 StB Altstadt ohne Johannstadt,153
2003,02 Johannstadt,148
2003,03 StB Neustadt ohne Leipziger Vorstadt,384
2003,"04 Leipziger Vorstadt, Pieschen",399
2003,"05 Mickten, Kaditz, Trachau",270
2003,06 StB Klotzsche und nördliche OS,267
2003,07 StB Loschwitz und OS Schönfeld-Weißig,307
2003,"08 Blasewitz, Striesen",486
2003,"09 Tolkewitz, Seidnitz, Gruna",278
2003,10 StB Leuben,256
2003,"11 Prohlis, Reick (mit Sternhäuser, Am Koitschgraben)",142
2003,"12 Niedersedlitz, Leubnitz, Strehlen (ohne Sternhäuser, Am Koitschgraben)",272
2003,"13 Südvorstadt, Zschertnitz",182
2003,"14 Mockritz, Coschütz, Plauen",213
2003,"15 Cotta, Löbtau, Naußlitz, Dölzschen",432
2003,16 Gorbitz,103
2003,17 Briesnitz und westliche OS,157
2004,01 StB Altstadt ohne Johannstadt,174
2004,02 Johannstadt,161
2004,03 StB Neustadt ohne Leipziger Vorstadt,438
2004,"04 Leipziger Vorstadt, Pieschen",439
2004,"05 Mickten, Kaditz, Trachau",296
2004,06 StB Klotzsche und nördliche OS,248
2004,07 StB Loschwitz und OS Schönfeld-Weißig,303
2004,"08 Blasewitz, Striesen",567
2004,"09 Tolkewitz, Seidnitz, Gruna",277
2004,10 StB Leuben,304
2004,"11 Prohlis, Reick (mit Sternhäuser, Am Koitschgraben)",127
2004,"12 Niedersedlitz, Leubnitz, Strehlen (ohne Sternhäuser, Am Koitschgraben)",274
2004,"13 Südvorstadt, Zschertnitz",163
2004,"14 Mockritz, Coschütz, Plauen",237
2004,"15 Cotta, Löbtau, Naußlitz, Dölzschen",416
2004,16 Gorbitz,113
2004,17 Briesnitz und westliche OS,178
2005,01 StB Altstadt ohne Johannstadt,152
2005,02 Johannstadt,174
2005,03 StB Neustadt ohne Leipziger Vorstadt,438
2005,"04 Leipziger Vorstadt, Pieschen",449
2005,"05 Mickten, Kaditz, Trachau",320
2005,06 StB Klotzsche und nördliche OS,265
2005,07 StB Loschwitz und OS Schönfeld-Weißig,282
2005,"08 Blasewitz, Striesen",534
2005,"09 Tolkewitz, Seidnitz, Gruna",280
2005,10 StB Leuben,302
2005,"11 Prohlis, Reick (mit Sternhäuser, Am Koitschgraben)",167
2005,"12 Niedersedlitz, Leubnitz, Strehlen (ohne Sternhäuser, Am Koitschgraben)",261
2005,"13 Südvorstadt, Zschertnitz",192
2005,"14 Mockritz, Coschütz, Plauen",223
2005,"15 Cotta, Löbtau, Naußlitz, Dölzschen",417
2005,16 Gorbitz,116
2005,17 Briesnitz und westliche OS,168
2006,01 StB Altstadt ohne Johannstadt,162
2006,02 Johannstadt,181
2006,03 StB Neustadt ohne Leipziger Vorstadt,443
2006,"04 Leipziger Vorstadt, Pieschen",464
2006,"05 Mickten, Kaditz, Trachau",333
2006,06 StB Klotzsche und nördliche OS,275
2006,07 StB Loschwitz und OS Schönfeld-Weißig,290
2006,"08 Blasewitz, Striesen",553
2006,"09 Tolkewitz, Seidnitz, Gruna",286
2006,10 StB Leuben,326
2006,"11 Prohlis, Reick (mit Sternhäuser, Am Koitschgraben)",141
2006,"12 Niedersedlitz, Leubnitz, Strehlen (ohne Sternhäuser, Am Koitschgraben)",278
2006,"13 Südvorstadt, Zschertnitz",198
2006,"14 Mockritz, Coschütz, Plauen",224
2006,"15 Cotta, Löbtau, Naußlitz, Dölzschen",416
2006,16 Gorbitz,145
2006,17 Briesnitz und westliche OS,161
2007,01 StB Altstadt ohne Johannstadt,171
2007,02 Johannstadt,202
2007,03 StB Neustadt ohne Leipziger Vorstadt,519
2007,"04 Leipziger Vorstadt, Pieschen",515
2007,"05 Mickten, Kaditz, Trachau",372
2007,06 StB Klotzsche und nördliche OS,267
2007,07 StB Loschwitz und OS Schönfeld-Weißig,323
2007,"08 Blasewitz, Striesen",615
2007,"09 Tolkewitz, Seidnitz, Gruna",276
2007,10 StB Leuben,338
2007,"11 Prohlis, Reick (mit Sternhäuser, Am Koitschgraben)",178
2007,"12 Niedersedlitz, Leubnitz, Strehlen (ohne Sternhäuser, Am Koitschgraben)",299
2007,"13 Südvorstadt, Zschertnitz",190
2007,"14 Mockritz, Coschütz, Plauen",205
2007,"15 Cotta, Löbtau, Naußlitz, Dölzschen",478
2007,16 Gorbitz,123
2007,17 Briesnitz und westliche OS,189
2008,01 StB Altstadt ohne Johannstadt,209
2008,02 Johannstadt,181
2008,03 StB Neustadt ohne Leipziger Vorstadt,525
2008,"04 Leipziger Vorstadt, Pieschen",513
2008,"05 Mickten, Kaditz, Trachau",347
2008,06 StB Klotzsche und nördliche OS,256
2008,07 StB Loschwitz und OS Schönfeld-Weißig,292
2008,"08 Blasewitz, Striesen",615
2008,"09 Tolkewitz, Seidnitz, Gruna",340
2008,10 StB Leuben,333
2008,"11 Prohlis, Reick (mit Sternhäuser, Am Koitschgraben)",194
2008,"12 Niedersedlitz, Leubnitz, Strehlen (ohne Sternhäuser, Am Koitschgraben)",303
2008,"13 Südvorstadt, Zschertnitz",219
2008,"14 Mockritz, Coschütz, Plauen",261
2008,"15 Cotta, Löbtau, Naußlitz, Dölzschen",528
2008,16 Gorbitz,141
2008,17 Briesnitz und westliche OS,193
2009,01 StB Altstadt ohne Johannstadt,230
2009,02 Johannstadt,198
2009,03 StB Neustadt ohne Leipziger Vorstadt,532
2009,"04 Leipziger Vorstadt, Pieschen",547
2009,"05 Mickten, Kaditz, Trachau",354
2009,06 StB Klotzsche und nördliche OS,233
2009,07 StB Loschwitz und OS Schönfeld-Weißig,273
2009,"08 Blasewitz, Striesen",632
2009,"09 Tolkewitz, Seidnitz, Gruna",310
2009,10 StB Leuben,350
2009,"11 Prohlis, Reick (mit Sternhäuser, Am Koitschgraben)",184
2009,"12 Niedersedlitz, Leubnitz, Strehlen (ohne Sternhäuser, Am Koitschgraben)",320
2009,"13 Südvorstadt, Zschertnitz",241
2009,"14 Mockritz, Coschütz, Plauen",274
2009,"15 Cotta, Löbtau, Naußlitz, Dölzschen",496
2009,16 Gorbitz,168
2009,17 Briesnitz und westliche OS,177
2010,01 StB Altstadt ohne Johannstadt,213
2010,02 Johannstadt,193
2010,03 StB Neustadt ohne Leipziger Vorstadt,550
2010,"04 Leipziger Vorstadt, Pieschen",592
2010,"05 Mickten, Kaditz, Trachau",407
2010,06 StB Klotzsche und nördliche OS,271
2010,07 StB Loschwitz und OS Schönfeld-Weißig,308
2010,"08 Blasewitz, Striesen",649
2010,"09 Tolkewitz, Seidnitz, Gruna",336
2010,10 StB Leuben,430
2010,"11 Prohlis, Reick (mit Sternhäuser, Am Koitschgraben)",196
2010,"12 Niedersedlitz, Leubnitz, Strehlen (ohne Sternhäuser, Am Koitschgraben)",348
2010,"13 Südvorstadt, Zschertnitz",251
2010,"14 Mockritz, Coschütz, Plauen",256
2010,"15 Cotta, Löbtau, Naußlitz, Dölzschen",544
2010,16 Gorbitz,187
2010,17 Briesnitz und westliche OS,211
2011,01 StB Altstadt ohne Johannstadt,244
2011,02 Johannstadt,221
2011,03 StB Neustadt ohne Leipziger Vorstadt,588
2011,"04 Leipziger Vorstadt, Pieschen",611
2011,"05 Mickten, Kaditz, Trachau",345
2011,06 StB Klotzsche und nördliche OS,273
2011,07 StB Loschwitz und OS Schönfeld-Weißig,302
2011,"08 Blasewitz, Striesen",614
2011,"09 Tolkewitz, Seidnitz, Gruna",372
2011,10 StB Leuben,328
2011,"11 Prohlis, Reick (mit Sternhäuser, Am Koitschgraben)",173
2011,"12 Niedersedlitz, Leubnitz, Strehlen (ohne Sternhäuser, Am Koitschgraben)",280
2011,"13 Südvorstadt, Zschertnitz",243
2011,"14 Mockritz, Coschütz, Plauen",312
2011,"15 Cotta, Löbtau, Naußlitz, Dölzschen",551
2011,16 Gorbitz,160
2011,17 Briesnitz und westliche OS,223
2012,01 StB Altstadt ohne Johannstadt,246
2012,02 Johannstadt,217
2012,03 StB Neustadt ohne Leipziger Vorstadt,553
2012,"04 Leipziger Vorstadt, Pieschen",640
2012,"05 Mickten, Kaditz, Trachau",350
2012,06 StB Klotzsche und nördliche OS,272
2012,07 StB Loschwitz und OS Schönfeld-Weißig,306
2012,"08 Blasewitz, Striesen",646
2012,"09 Tolkewitz, Seidnitz, Gruna",380
2012,10 StB Leuben,334
2012,"11 Prohlis, Reick (mit Sternhäuser, Am Koitschgraben)",214
2012,"12 Niedersedlitz, Leubnitz, Strehlen (ohne Sternhäuser, Am Koitschgraben)",318
2012,"13 Südvorstadt, Zschertnitz",274
2012,"14 Mockritz, Coschütz, Plauen",283
2012,"15 Cotta, Löbtau, Naußlitz, Dölzschen",554
2012,16 Gorbitz,170
2012,17 Briesnitz und westliche OS,199
2013,01 StB Altstadt ohne Johannstadt,279
2013,02 Johannstadt,215
2013,03 StB Neustadt ohne Leipziger Vorstadt,564
2013,"04 Leipziger Vorstadt, Pieschen",642
2013,"05 Mickten, Kaditz, Trachau",352
2013,06 StB Klotzsche und nördliche OS,259
2013,07 StB Loschwitz und OS Schönfeld-Weißig,298
2013,"08 Blasewitz, Striesen",614
2013,"09 Tolkewitz, Seidnitz, Gruna",364
2013,10 StB Leuben,331
2013,"11 Prohlis, Reick (mit Sternhäuser, Am Koitschgraben)",202
2013,"12 Niedersedlitz, Leubnitz, Strehlen (ohne Sternhäuser, Am Koitschgraben)",358
2013,"13 Südvorstadt, Zschertnitz",250
2013,"14 Mockritz, Coschütz, Plauen",285
2013,"15 Cotta, Löbtau, Naußlitz, Dölzschen",601
2013,16 Gorbitz,196
2013,17 Briesnitz und westliche OS,256
2014,01 StB Altstadt ohne Johannstadt,258
2014,02 Johannstadt,231
2014,03 StB Neustadt ohne Leipziger Vorstadt,628
2014,"04 Leipziger Vorstadt, Pieschen",632
2014,"05 Mickten, Kaditz, Trachau",379
2014,06 StB Klotzsche und nördliche OS,287
2014,07 StB Loschwitz und OS Schönfeld-Weißig,322
2014,"08 Blasewitz, Striesen",638
2014,"09 Tolkewitz, Seidnitz, Gruna",408
2014,10 StB Leuben,335
2014,"11 Prohlis, Reick (mit Sternhäuser, Am Koitschgraben)",198
2014,"12 Niedersedlitz, Leubnitz, Strehlen (ohne Sternhäuser, Am Koitschgraben)",306
2014,"13 Südvorstadt, Zschertnitz",294
2014,"14 Mockritz, Coschütz, Plauen",300
2014,"15 Cotta, Löbtau, Naußlitz, Dölzschen",659
2014,16 Gorbitz,181
2014,17 Briesnitz und westliche OS,235
2015,01 StB Altstadt ohne Johannstadt,280
2015,02 Johannstadt,209
2015,03 StB Neustadt ohne Leipziger Vorstadt,585
2015,"04 Leipziger Vorstadt, Pieschen",653
2015,"05 Mickten, Kaditz, Trachau",365
2015,06 StB Klotzsche und nördliche OS,287
2015,07 StB Loschwitz und OS Schönfeld-Weißig,284
2015,"08 Blasewitz, Striesen",666
2015,"09 Tolkewitz, Seidnitz, Gruna",390
2015,10 StB Leuben,400
2015,"11 Prohlis, Reick (mit Sternhäuser, Am Koitschgraben)",206
2015,"12 Niedersedlitz, Leubnitz, Strehlen (ohne Sternhäuser, Am Koitschgraben)",328
2015,"13 Südvorstadt, Zschertnitz",270
2015,"14 Mockritz, Coschütz, Plauen",269
2015,"15 Cotta, Löbtau, Naußlitz, Dölzschen",590
2015,16 Gorbitz,173
2015,17 Briesnitz und westliche OS,232
2016,01 StB Altstadt ohne Johannstadt,316
2016,02 Johannstadt,232
2016,03 StB Neustadt ohne Leipziger Vorstadt,541
2016,"04 Leipziger Vorstadt, Pieschen",651
2016,"05 Mickten, Kaditz, Trachau",362
2016,06 StB Klotzsche und nördliche OS,271
2016,07 StB Loschwitz und OS Schönfeld-Weißig,315
2016,"08 Blasewitz, Striesen",716
2016,"09 Tolkewitz, Seidnitz, Gruna",404
2016,10 StB Leuben,387
2016,"11 Prohlis, Reick (mit Sternhäuser, Am Koitschgraben)",218
2016,"12 Niedersedlitz, Leubnitz, Strehlen (ohne Sternhäuser, Am Koitschgraben)",324
2016,"13 Südvorstadt, Zschertnitz",326
2016,"14 Mockritz, Coschütz, Plauen",302
2016,"15 Cotta, Löbtau, Naußlitz, Dölzschen",641
2016,16 Gorbitz,206
2016,17 Briesnitz und westliche OS,212
2017,01 StB Altstadt ohne Johannstadt,332
2017,02 Johannstadt,260
2017,03 StB Neustadt ohne Leipziger Vorstadt,626
2017,"04 Leipziger Vorstadt, Pieschen",621
2017,"05 Mickten, Kaditz, Trachau",358
2017,06 StB Klotzsche und nördliche OS,251
2017,07 StB Loschwitz und OS Schönfeld-Weißig,297
2017,"08 Blasewitz, Striesen",650
2017,"09 Tolkewitz, Seidnitz, Gruna",375
2017,10 StB Leuben,346
2017,"11 Prohlis, Reick (mit Sternhäuser, Am Koitschgraben)",228
2017,"12 Niedersedlitz, Leubnitz, Strehlen (ohne Sternhäuser, Am Koitschgraben)",333
2017,"13 Südvorstadt, Zschertnitz",338
2017,"14 Mockritz, Coschütz, Plauen",267
2017,"15 Cotta, Löbtau, Naußlitz, Dölzschen",652
2017,16 Gorbitz,205
2017,17 Briesnitz und westliche OS,211
