,Jahr,Stadtraum,Heizungsart,Anteil in %
0,1993,01 StB Altstadt ohne Johannstadt,Fernheizung,79
1,1993,01 StB Altstadt ohne Johannstadt,Zentralheizung oder Etagenheizung,0
2,1993,01 StB Altstadt ohne Johannstadt,Einzelraumheizung,21
3,1993,02 Johannstadt,Fernheizung,69
4,1993,02 Johannstadt,Zentralheizung oder Etagenheizung,2
5,1993,02 Johannstadt,Einzelraumheizung,29
6,1993,03 StB Neustadt ohne Leipziger Vorstadt,Fernheizung,24
7,1993,03 StB Neustadt ohne Leipziger Vorstadt,Zentralheizung oder Etagenheizung,10
8,1993,03 StB Neustadt ohne Leipziger Vorstadt,Einzelraumheizung,67
9,1993,"04 Leipziger Vorstadt, Pieschen",Fernheizung,1
10,1993,"04 Leipziger Vorstadt, Pieschen",Zentralheizung oder Etagenheizung,16
11,1993,"04 Leipziger Vorstadt, Pieschen",Einzelraumheizung,83
12,1993,"05 Mickten, Kaditz, Trachau",Fernheizung,16
13,1993,"05 Mickten, Kaditz, Trachau",Zentralheizung oder Etagenheizung,15
14,1993,"05 Mickten, Kaditz, Trachau",Einzelraumheizung,69
15,1993,06 StB Klotzsche und nördliche OS,Fernheizung,18
16,1993,06 StB Klotzsche und nördliche OS,Zentralheizung oder Etagenheizung,40
17,1993,06 StB Klotzsche und nördliche OS,Einzelraumheizung,42
18,1993,07 StB Loschwitz und OS Schönfeld-Weißig,Fernheizung,1
19,1993,07 StB Loschwitz und OS Schönfeld-Weißig,Zentralheizung oder Etagenheizung,45
20,1993,07 StB Loschwitz und OS Schönfeld-Weißig,Einzelraumheizung,54
21,1993,"08 Blasewitz, Striesen",Fernheizung,17
22,1993,"08 Blasewitz, Striesen",Zentralheizung oder Etagenheizung,12
23,1993,"08 Blasewitz, Striesen",Einzelraumheizung,72
24,1993,"09 Tolkewitz, Seidnitz, Gruna",Fernheizung,48
25,1993,"09 Tolkewitz, Seidnitz, Gruna",Zentralheizung oder Etagenheizung,7
26,1993,"09 Tolkewitz, Seidnitz, Gruna",Einzelraumheizung,45
27,1993,10 StB Leuben,Fernheizung,40
28,1993,10 StB Leuben,Zentralheizung oder Etagenheizung,16
29,1993,10 StB Leuben,Einzelraumheizung,45
30,1993,"11 Prohlis, Reick (mit Sternhäuser, Am Koitschgraben)",Fernheizung,86
31,1993,"11 Prohlis, Reick (mit Sternhäuser, Am Koitschgraben)",Zentralheizung oder Etagenheizung,5
32,1993,"11 Prohlis, Reick (mit Sternhäuser, Am Koitschgraben)",Einzelraumheizung,9
33,1993,"12 Niedersedlitz, Leubnitz, Strehlen (ohne Sternhäuser, Am Koitschgraben)",Fernheizung,20
34,1993,"12 Niedersedlitz, Leubnitz, Strehlen (ohne Sternhäuser, Am Koitschgraben)",Zentralheizung oder Etagenheizung,34
35,1993,"12 Niedersedlitz, Leubnitz, Strehlen (ohne Sternhäuser, Am Koitschgraben)",Einzelraumheizung,46
36,1993,"13 Südvorstadt, Zschertnitz",Fernheizung,57
37,1993,"13 Südvorstadt, Zschertnitz",Zentralheizung oder Etagenheizung,13
38,1993,"13 Südvorstadt, Zschertnitz",Einzelraumheizung,31
39,1993,"14 Mockritz, Coschütz, Plauen",Fernheizung,28
40,1993,"14 Mockritz, Coschütz, Plauen",Zentralheizung oder Etagenheizung,24
41,1993,"14 Mockritz, Coschütz, Plauen",Einzelraumheizung,48
42,1993,"15 Cotta, Löbtau, Naußlitz, Dölzschen",Fernheizung,2
43,1993,"15 Cotta, Löbtau, Naußlitz, Dölzschen",Zentralheizung oder Etagenheizung,15
44,1993,"15 Cotta, Löbtau, Naußlitz, Dölzschen",Einzelraumheizung,84
45,1993,16 Gorbitz,Fernheizung,97
46,1993,16 Gorbitz,Zentralheizung oder Etagenheizung,2
47,1993,16 Gorbitz,Einzelraumheizung,1
48,1993,17 Briesnitz und westliche OS,Fernheizung,2
49,1993,17 Briesnitz und westliche OS,Zentralheizung oder Etagenheizung,39
50,1993,17 Briesnitz und westliche OS,Einzelraumheizung,60
51,1993,18 Dresden gesamt,Fernheizung,41
52,1993,18 Dresden gesamt,Zentralheizung oder Etagenheizung,14
53,1993,18 Dresden gesamt,Einzelraumheizung,46
54,1995,01 StB Altstadt ohne Johannstadt,Fernheizung,81
55,1995,01 StB Altstadt ohne Johannstadt,Zentralheizung oder Etagenheizung,8
56,1995,01 StB Altstadt ohne Johannstadt,Einzelraumheizung,12
57,1995,02 Johannstadt,Fernheizung,73
58,1995,02 Johannstadt,Zentralheizung oder Etagenheizung,4
59,1995,02 Johannstadt,Einzelraumheizung,23
60,1995,03 StB Neustadt ohne Leipziger Vorstadt,Fernheizung,33
61,1995,03 StB Neustadt ohne Leipziger Vorstadt,Zentralheizung oder Etagenheizung,18
62,1995,03 StB Neustadt ohne Leipziger Vorstadt,Einzelraumheizung,49
63,1995,"04 Leipziger Vorstadt, Pieschen",Fernheizung,4
64,1995,"04 Leipziger Vorstadt, Pieschen",Zentralheizung oder Etagenheizung,10
65,1995,"04 Leipziger Vorstadt, Pieschen",Einzelraumheizung,87
66,1995,"05 Mickten, Kaditz, Trachau",Fernheizung,22
67,1995,"05 Mickten, Kaditz, Trachau",Zentralheizung oder Etagenheizung,24
68,1995,"05 Mickten, Kaditz, Trachau",Einzelraumheizung,54
69,1995,06 StB Klotzsche und nördliche OS,Fernheizung,29
70,1995,06 StB Klotzsche und nördliche OS,Zentralheizung oder Etagenheizung,35
71,1995,06 StB Klotzsche und nördliche OS,Einzelraumheizung,36
72,1995,07 StB Loschwitz und OS Schönfeld-Weißig,Fernheizung,2
73,1995,07 StB Loschwitz und OS Schönfeld-Weißig,Zentralheizung oder Etagenheizung,66
74,1995,07 StB Loschwitz und OS Schönfeld-Weißig,Einzelraumheizung,32
75,1995,"08 Blasewitz, Striesen",Fernheizung,23
76,1995,"08 Blasewitz, Striesen",Zentralheizung oder Etagenheizung,21
77,1995,"08 Blasewitz, Striesen",Einzelraumheizung,56
78,1995,"09 Tolkewitz, Seidnitz, Gruna",Fernheizung,52
79,1995,"09 Tolkewitz, Seidnitz, Gruna",Zentralheizung oder Etagenheizung,10
80,1995,"09 Tolkewitz, Seidnitz, Gruna",Einzelraumheizung,38
81,1995,10 StB Leuben,Fernheizung,42
82,1995,10 StB Leuben,Zentralheizung oder Etagenheizung,25
83,1995,10 StB Leuben,Einzelraumheizung,34
84,1995,"11 Prohlis, Reick (mit Sternhäuser, Am Koitschgraben)",Fernheizung,83
85,1995,"11 Prohlis, Reick (mit Sternhäuser, Am Koitschgraben)",Zentralheizung oder Etagenheizung,10
86,1995,"11 Prohlis, Reick (mit Sternhäuser, Am Koitschgraben)",Einzelraumheizung,8
87,1995,"12 Niedersedlitz, Leubnitz, Strehlen (ohne Sternhäuser, Am Koitschgraben)",Fernheizung,23
88,1995,"12 Niedersedlitz, Leubnitz, Strehlen (ohne Sternhäuser, Am Koitschgraben)",Zentralheizung oder Etagenheizung,48
89,1995,"12 Niedersedlitz, Leubnitz, Strehlen (ohne Sternhäuser, Am Koitschgraben)",Einzelraumheizung,30
90,1995,"13 Südvorstadt, Zschertnitz",Fernheizung,65
91,1995,"13 Südvorstadt, Zschertnitz",Zentralheizung oder Etagenheizung,13
92,1995,"13 Südvorstadt, Zschertnitz",Einzelraumheizung,22
93,1995,"14 Mockritz, Coschütz, Plauen",Fernheizung,25
94,1995,"14 Mockritz, Coschütz, Plauen",Zentralheizung oder Etagenheizung,42
95,1995,"14 Mockritz, Coschütz, Plauen",Einzelraumheizung,33
96,1995,"15 Cotta, Löbtau, Naußlitz, Dölzschen",Fernheizung,7
97,1995,"15 Cotta, Löbtau, Naußlitz, Dölzschen",Zentralheizung oder Etagenheizung,26
98,1995,"15 Cotta, Löbtau, Naußlitz, Dölzschen",Einzelraumheizung,67
99,1995,16 Gorbitz,Fernheizung,96
100,1995,16 Gorbitz,Zentralheizung oder Etagenheizung,3
101,1995,16 Gorbitz,Einzelraumheizung,0
102,1995,17 Briesnitz und westliche OS,Fernheizung,4
103,1995,17 Briesnitz und westliche OS,Zentralheizung oder Etagenheizung,51
104,1995,17 Briesnitz und westliche OS,Einzelraumheizung,45
105,1995,18 Dresden gesamt,Fernheizung,43
106,1995,18 Dresden gesamt,Zentralheizung oder Etagenheizung,20
107,1995,18 Dresden gesamt,Einzelraumheizung,36
108,1996,01 StB Altstadt ohne Johannstadt,Fernheizung,93
109,1996,01 StB Altstadt ohne Johannstadt,Zentralheizung oder Etagenheizung,2
110,1996,01 StB Altstadt ohne Johannstadt,Einzelraumheizung,4
111,1996,02 Johannstadt,Fernheizung,84
112,1996,02 Johannstadt,Zentralheizung oder Etagenheizung,6
113,1996,02 Johannstadt,Einzelraumheizung,10
114,1996,03 StB Neustadt ohne Leipziger Vorstadt,Fernheizung,41
115,1996,03 StB Neustadt ohne Leipziger Vorstadt,Zentralheizung oder Etagenheizung,20
116,1996,03 StB Neustadt ohne Leipziger Vorstadt,Einzelraumheizung,39
117,1996,"04 Leipziger Vorstadt, Pieschen",Fernheizung,8
118,1996,"04 Leipziger Vorstadt, Pieschen",Zentralheizung oder Etagenheizung,35
119,1996,"04 Leipziger Vorstadt, Pieschen",Einzelraumheizung,57
120,1996,"05 Mickten, Kaditz, Trachau",Fernheizung,21
121,1996,"05 Mickten, Kaditz, Trachau",Zentralheizung oder Etagenheizung,39
122,1996,"05 Mickten, Kaditz, Trachau",Einzelraumheizung,40
123,1996,06 StB Klotzsche und nördliche OS,Fernheizung,38
124,1996,06 StB Klotzsche und nördliche OS,Zentralheizung oder Etagenheizung,51
125,1996,06 StB Klotzsche und nördliche OS,Einzelraumheizung,12
126,1996,07 StB Loschwitz und OS Schönfeld-Weißig,Fernheizung,3
127,1996,07 StB Loschwitz und OS Schönfeld-Weißig,Zentralheizung oder Etagenheizung,64
128,1996,07 StB Loschwitz und OS Schönfeld-Weißig,Einzelraumheizung,34
129,1996,"08 Blasewitz, Striesen",Fernheizung,39
130,1996,"08 Blasewitz, Striesen",Zentralheizung oder Etagenheizung,27
131,1996,"08 Blasewitz, Striesen",Einzelraumheizung,34
132,1996,"09 Tolkewitz, Seidnitz, Gruna",Fernheizung,59
133,1996,"09 Tolkewitz, Seidnitz, Gruna",Zentralheizung oder Etagenheizung,16
134,1996,"09 Tolkewitz, Seidnitz, Gruna",Einzelraumheizung,25
135,1996,10 StB Leuben,Fernheizung,43
136,1996,10 StB Leuben,Zentralheizung oder Etagenheizung,35
137,1996,10 StB Leuben,Einzelraumheizung,23
138,1996,"11 Prohlis, Reick (mit Sternhäuser, Am Koitschgraben)",Fernheizung,84
139,1996,"11 Prohlis, Reick (mit Sternhäuser, Am Koitschgraben)",Zentralheizung oder Etagenheizung,11
140,1996,"11 Prohlis, Reick (mit Sternhäuser, Am Koitschgraben)",Einzelraumheizung,4
141,1996,"12 Niedersedlitz, Leubnitz, Strehlen (ohne Sternhäuser, Am Koitschgraben)",Fernheizung,16
142,1996,"12 Niedersedlitz, Leubnitz, Strehlen (ohne Sternhäuser, Am Koitschgraben)",Zentralheizung oder Etagenheizung,64
143,1996,"12 Niedersedlitz, Leubnitz, Strehlen (ohne Sternhäuser, Am Koitschgraben)",Einzelraumheizung,19
144,1996,"13 Südvorstadt, Zschertnitz",Fernheizung,61
145,1996,"13 Südvorstadt, Zschertnitz",Zentralheizung oder Etagenheizung,23
146,1996,"13 Südvorstadt, Zschertnitz",Einzelraumheizung,16
147,1996,"14 Mockritz, Coschütz, Plauen",Fernheizung,34
148,1996,"14 Mockritz, Coschütz, Plauen",Zentralheizung oder Etagenheizung,49
149,1996,"14 Mockritz, Coschütz, Plauen",Einzelraumheizung,17
150,1996,"15 Cotta, Löbtau, Naußlitz, Dölzschen",Fernheizung,10
151,1996,"15 Cotta, Löbtau, Naußlitz, Dölzschen",Zentralheizung oder Etagenheizung,46
152,1996,"15 Cotta, Löbtau, Naußlitz, Dölzschen",Einzelraumheizung,43
153,1996,16 Gorbitz,Fernheizung,94
154,1996,16 Gorbitz,Zentralheizung oder Etagenheizung,6
155,1996,16 Gorbitz,Einzelraumheizung,0
156,1996,17 Briesnitz und westliche OS,Fernheizung,9
157,1996,17 Briesnitz und westliche OS,Zentralheizung oder Etagenheizung,56
158,1996,17 Briesnitz und westliche OS,Einzelraumheizung,35
159,1996,18 Dresden gesamt,Fernheizung,48
160,1996,18 Dresden gesamt,Zentralheizung oder Etagenheizung,29
161,1996,18 Dresden gesamt,Einzelraumheizung,23
162,1998,01 StB Altstadt ohne Johannstadt,Fernheizung,90
163,1998,01 StB Altstadt ohne Johannstadt,Zentralheizung oder Etagenheizung,8
164,1998,01 StB Altstadt ohne Johannstadt,Einzelraumheizung,2
165,1998,02 Johannstadt,Fernheizung,93
166,1998,02 Johannstadt,Zentralheizung oder Etagenheizung,4
167,1998,02 Johannstadt,Einzelraumheizung,4
168,1998,03 StB Neustadt ohne Leipziger Vorstadt,Fernheizung,59
169,1998,03 StB Neustadt ohne Leipziger Vorstadt,Zentralheizung oder Etagenheizung,32
170,1998,03 StB Neustadt ohne Leipziger Vorstadt,Einzelraumheizung,9
171,1998,"04 Leipziger Vorstadt, Pieschen",Fernheizung,13
172,1998,"04 Leipziger Vorstadt, Pieschen",Zentralheizung oder Etagenheizung,54
173,1998,"04 Leipziger Vorstadt, Pieschen",Einzelraumheizung,33
174,1998,"05 Mickten, Kaditz, Trachau",Fernheizung,33
175,1998,"05 Mickten, Kaditz, Trachau",Zentralheizung oder Etagenheizung,52
176,1998,"05 Mickten, Kaditz, Trachau",Einzelraumheizung,15
177,1998,06 StB Klotzsche und nördliche OS,Fernheizung,42
178,1998,06 StB Klotzsche und nördliche OS,Zentralheizung oder Etagenheizung,49
179,1998,06 StB Klotzsche und nördliche OS,Einzelraumheizung,9
180,1998,07 StB Loschwitz und OS Schönfeld-Weißig,Fernheizung,5
181,1998,07 StB Loschwitz und OS Schönfeld-Weißig,Zentralheizung oder Etagenheizung,83
182,1998,07 StB Loschwitz und OS Schönfeld-Weißig,Einzelraumheizung,12
183,1998,"08 Blasewitz, Striesen",Fernheizung,56
184,1998,"08 Blasewitz, Striesen",Zentralheizung oder Etagenheizung,36
185,1998,"08 Blasewitz, Striesen",Einzelraumheizung,9
186,1998,"09 Tolkewitz, Seidnitz, Gruna",Fernheizung,70
187,1998,"09 Tolkewitz, Seidnitz, Gruna",Zentralheizung oder Etagenheizung,19
188,1998,"09 Tolkewitz, Seidnitz, Gruna",Einzelraumheizung,11
189,1998,10 StB Leuben,Fernheizung,46
190,1998,10 StB Leuben,Zentralheizung oder Etagenheizung,42
191,1998,10 StB Leuben,Einzelraumheizung,12
192,1998,"11 Prohlis, Reick (mit Sternhäuser, Am Koitschgraben)",Fernheizung,81
193,1998,"11 Prohlis, Reick (mit Sternhäuser, Am Koitschgraben)",Zentralheizung oder Etagenheizung,17
194,1998,"11 Prohlis, Reick (mit Sternhäuser, Am Koitschgraben)",Einzelraumheizung,2
195,1998,"12 Niedersedlitz, Leubnitz, Strehlen (ohne Sternhäuser, Am Koitschgraben)",Fernheizung,35
196,1998,"12 Niedersedlitz, Leubnitz, Strehlen (ohne Sternhäuser, Am Koitschgraben)",Zentralheizung oder Etagenheizung,56
197,1998,"12 Niedersedlitz, Leubnitz, Strehlen (ohne Sternhäuser, Am Koitschgraben)",Einzelraumheizung,9
198,1998,"13 Südvorstadt, Zschertnitz",Fernheizung,68
199,1998,"13 Südvorstadt, Zschertnitz",Zentralheizung oder Etagenheizung,20
200,1998,"13 Südvorstadt, Zschertnitz",Einzelraumheizung,11
201,1998,"14 Mockritz, Coschütz, Plauen",Fernheizung,35
202,1998,"14 Mockritz, Coschütz, Plauen",Zentralheizung oder Etagenheizung,51
203,1998,"14 Mockritz, Coschütz, Plauen",Einzelraumheizung,14
204,1998,"15 Cotta, Löbtau, Naußlitz, Dölzschen",Fernheizung,20
205,1998,"15 Cotta, Löbtau, Naußlitz, Dölzschen",Zentralheizung oder Etagenheizung,61
206,1998,"15 Cotta, Löbtau, Naußlitz, Dölzschen",Einzelraumheizung,19
207,1998,16 Gorbitz,Fernheizung,97
208,1998,16 Gorbitz,Zentralheizung oder Etagenheizung,2
209,1998,16 Gorbitz,Einzelraumheizung,1
210,1998,17 Briesnitz und westliche OS,Fernheizung,10
211,1998,17 Briesnitz und westliche OS,Zentralheizung oder Etagenheizung,80
212,1998,17 Briesnitz und westliche OS,Einzelraumheizung,10
213,1998,18 Dresden gesamt,Fernheizung,54
214,1998,18 Dresden gesamt,Zentralheizung oder Etagenheizung,35
215,1998,18 Dresden gesamt,Einzelraumheizung,11
216,2002,01 StB Altstadt ohne Johannstadt,Fernheizung,87
217,2002,01 StB Altstadt ohne Johannstadt,Zentralheizung oder Etagenheizung,13
218,2002,01 StB Altstadt ohne Johannstadt,Einzelraumheizung,0
219,2002,02 Johannstadt,Fernheizung,79
220,2002,02 Johannstadt,Zentralheizung oder Etagenheizung,19
221,2002,02 Johannstadt,Einzelraumheizung,2
222,2002,03 StB Neustadt ohne Leipziger Vorstadt,Fernheizung,46
223,2002,03 StB Neustadt ohne Leipziger Vorstadt,Zentralheizung oder Etagenheizung,52
224,2002,03 StB Neustadt ohne Leipziger Vorstadt,Einzelraumheizung,2
225,2002,"04 Leipziger Vorstadt, Pieschen",Fernheizung,17
226,2002,"04 Leipziger Vorstadt, Pieschen",Zentralheizung oder Etagenheizung,78
227,2002,"04 Leipziger Vorstadt, Pieschen",Einzelraumheizung,5
228,2002,"05 Mickten, Kaditz, Trachau",Fernheizung,36
229,2002,"05 Mickten, Kaditz, Trachau",Zentralheizung oder Etagenheizung,59
230,2002,"05 Mickten, Kaditz, Trachau",Einzelraumheizung,5
231,2002,06 StB Klotzsche und nördliche OS,Fernheizung,27
232,2002,06 StB Klotzsche und nördliche OS,Zentralheizung oder Etagenheizung,70
233,2002,06 StB Klotzsche und nördliche OS,Einzelraumheizung,3
234,2002,07 StB Loschwitz und OS Schönfeld-Weißig,Fernheizung,7
235,2002,07 StB Loschwitz und OS Schönfeld-Weißig,Zentralheizung oder Etagenheizung,87
236,2002,07 StB Loschwitz und OS Schönfeld-Weißig,Einzelraumheizung,6
237,2002,"08 Blasewitz, Striesen",Fernheizung,53
238,2002,"08 Blasewitz, Striesen",Zentralheizung oder Etagenheizung,45
239,2002,"08 Blasewitz, Striesen",Einzelraumheizung,2
240,2002,"09 Tolkewitz, Seidnitz, Gruna",Fernheizung,76
241,2002,"09 Tolkewitz, Seidnitz, Gruna",Zentralheizung oder Etagenheizung,23
242,2002,"09 Tolkewitz, Seidnitz, Gruna",Einzelraumheizung,1
243,2002,10 StB Leuben,Fernheizung,46
244,2002,10 StB Leuben,Zentralheizung oder Etagenheizung,51
245,2002,10 StB Leuben,Einzelraumheizung,3
246,2002,"11 Prohlis, Reick (mit Sternhäuser, Am Koitschgraben)",Fernheizung,81
247,2002,"11 Prohlis, Reick (mit Sternhäuser, Am Koitschgraben)",Zentralheizung oder Etagenheizung,19
248,2002,"11 Prohlis, Reick (mit Sternhäuser, Am Koitschgraben)",Einzelraumheizung,0
249,2002,"12 Niedersedlitz, Leubnitz, Strehlen (ohne Sternhäuser, Am Koitschgraben)",Fernheizung,38
250,2002,"12 Niedersedlitz, Leubnitz, Strehlen (ohne Sternhäuser, Am Koitschgraben)",Zentralheizung oder Etagenheizung,57
251,2002,"12 Niedersedlitz, Leubnitz, Strehlen (ohne Sternhäuser, Am Koitschgraben)",Einzelraumheizung,5
252,2002,"13 Südvorstadt, Zschertnitz",Fernheizung,76
253,2002,"13 Südvorstadt, Zschertnitz",Zentralheizung oder Etagenheizung,23
254,2002,"13 Südvorstadt, Zschertnitz",Einzelraumheizung,1
255,2002,"14 Mockritz, Coschütz, Plauen",Fernheizung,38
256,2002,"14 Mockritz, Coschütz, Plauen",Zentralheizung oder Etagenheizung,57
257,2002,"14 Mockritz, Coschütz, Plauen",Einzelraumheizung,6
258,2002,"15 Cotta, Löbtau, Naußlitz, Dölzschen",Fernheizung,17
259,2002,"15 Cotta, Löbtau, Naußlitz, Dölzschen",Zentralheizung oder Etagenheizung,77
260,2002,"15 Cotta, Löbtau, Naußlitz, Dölzschen",Einzelraumheizung,7
261,2002,16 Gorbitz,Fernheizung,76
262,2002,16 Gorbitz,Zentralheizung oder Etagenheizung,24
263,2002,16 Gorbitz,Einzelraumheizung,0
264,2002,17 Briesnitz und westliche OS,Fernheizung,5
265,2002,17 Briesnitz und westliche OS,Zentralheizung oder Etagenheizung,85
266,2002,17 Briesnitz und westliche OS,Einzelraumheizung,10
267,2002,18 Dresden gesamt,Fernheizung,49
268,2002,18 Dresden gesamt,Zentralheizung oder Etagenheizung,48
269,2002,18 Dresden gesamt,Einzelraumheizung,3
270,2005,01 StB Altstadt ohne Johannstadt,Fernheizung,89
271,2005,01 StB Altstadt ohne Johannstadt,Zentralheizung oder Etagenheizung,11
272,2005,01 StB Altstadt ohne Johannstadt,Einzelraumheizung,1
273,2005,02 Johannstadt,Fernheizung,86
274,2005,02 Johannstadt,Zentralheizung oder Etagenheizung,13
275,2005,02 Johannstadt,Einzelraumheizung,1
276,2005,03 StB Neustadt ohne Leipziger Vorstadt,Fernheizung,49
277,2005,03 StB Neustadt ohne Leipziger Vorstadt,Zentralheizung oder Etagenheizung,47
278,2005,03 StB Neustadt ohne Leipziger Vorstadt,Einzelraumheizung,4
279,2005,"04 Leipziger Vorstadt, Pieschen",Fernheizung,19
280,2005,"04 Leipziger Vorstadt, Pieschen",Zentralheizung oder Etagenheizung,73
281,2005,"04 Leipziger Vorstadt, Pieschen",Einzelraumheizung,8
282,2005,"05 Mickten, Kaditz, Trachau",Fernheizung,30
283,2005,"05 Mickten, Kaditz, Trachau",Zentralheizung oder Etagenheizung,68
284,2005,"05 Mickten, Kaditz, Trachau",Einzelraumheizung,1
285,2005,06 StB Klotzsche und nördliche OS,Fernheizung,24
286,2005,06 StB Klotzsche und nördliche OS,Zentralheizung oder Etagenheizung,72
287,2005,06 StB Klotzsche und nördliche OS,Einzelraumheizung,4
288,2005,07 StB Loschwitz und OS Schönfeld-Weißig,Fernheizung,8
289,2005,07 StB Loschwitz und OS Schönfeld-Weißig,Zentralheizung oder Etagenheizung,86
290,2005,07 StB Loschwitz und OS Schönfeld-Weißig,Einzelraumheizung,6
291,2005,"08 Blasewitz, Striesen",Fernheizung,55
292,2005,"08 Blasewitz, Striesen",Zentralheizung oder Etagenheizung,45
293,2005,"08 Blasewitz, Striesen",Einzelraumheizung,0
294,2005,"09 Tolkewitz, Seidnitz, Gruna",Fernheizung,72
295,2005,"09 Tolkewitz, Seidnitz, Gruna",Zentralheizung oder Etagenheizung,28
296,2005,"09 Tolkewitz, Seidnitz, Gruna",Einzelraumheizung,1
297,2005,10 StB Leuben,Fernheizung,46
298,2005,10 StB Leuben,Zentralheizung oder Etagenheizung,54
299,2005,10 StB Leuben,Einzelraumheizung,0
300,2005,"11 Prohlis, Reick (mit Sternhäuser, Am Koitschgraben)",Fernheizung,62
301,2005,"11 Prohlis, Reick (mit Sternhäuser, Am Koitschgraben)",Zentralheizung oder Etagenheizung,35
302,2005,"11 Prohlis, Reick (mit Sternhäuser, Am Koitschgraben)",Einzelraumheizung,3
303,2005,"12 Niedersedlitz, Leubnitz, Strehlen (ohne Sternhäuser, Am Koitschgraben)",Fernheizung,31
304,2005,"12 Niedersedlitz, Leubnitz, Strehlen (ohne Sternhäuser, Am Koitschgraben)",Zentralheizung oder Etagenheizung,67
305,2005,"12 Niedersedlitz, Leubnitz, Strehlen (ohne Sternhäuser, Am Koitschgraben)",Einzelraumheizung,2
306,2005,"13 Südvorstadt, Zschertnitz",Fernheizung,62
307,2005,"13 Südvorstadt, Zschertnitz",Zentralheizung oder Etagenheizung,37
308,2005,"13 Südvorstadt, Zschertnitz",Einzelraumheizung,1
309,2005,"14 Mockritz, Coschütz, Plauen",Fernheizung,36
310,2005,"14 Mockritz, Coschütz, Plauen",Zentralheizung oder Etagenheizung,64
311,2005,"14 Mockritz, Coschütz, Plauen",Einzelraumheizung,0
312,2005,"15 Cotta, Löbtau, Naußlitz, Dölzschen",Fernheizung,20
313,2005,"15 Cotta, Löbtau, Naußlitz, Dölzschen",Zentralheizung oder Etagenheizung,77
314,2005,"15 Cotta, Löbtau, Naußlitz, Dölzschen",Einzelraumheizung,2
315,2005,16 Gorbitz,Fernheizung,90
316,2005,16 Gorbitz,Zentralheizung oder Etagenheizung,10
317,2005,16 Gorbitz,Einzelraumheizung,0
318,2005,17 Briesnitz und westliche OS,Fernheizung,9
319,2005,17 Briesnitz und westliche OS,Zentralheizung oder Etagenheizung,86
320,2005,17 Briesnitz und westliche OS,Einzelraumheizung,4
321,2005,18 Dresden gesamt,Fernheizung,48
322,2005,18 Dresden gesamt,Zentralheizung oder Etagenheizung,50
323,2005,18 Dresden gesamt,Einzelraumheizung,2
324,2007,01 StB Altstadt ohne Johannstadt,Fernheizung,79
325,2007,01 StB Altstadt ohne Johannstadt,Zentralheizung oder Etagenheizung,20
326,2007,01 StB Altstadt ohne Johannstadt,Einzelraumheizung,1
327,2007,02 Johannstadt,Fernheizung,79
328,2007,02 Johannstadt,Zentralheizung oder Etagenheizung,20
329,2007,02 Johannstadt,Einzelraumheizung,2
330,2007,03 StB Neustadt ohne Leipziger Vorstadt,Fernheizung,54
331,2007,03 StB Neustadt ohne Leipziger Vorstadt,Zentralheizung oder Etagenheizung,42
332,2007,03 StB Neustadt ohne Leipziger Vorstadt,Einzelraumheizung,5
333,2007,"04 Leipziger Vorstadt, Pieschen",Fernheizung,22
334,2007,"04 Leipziger Vorstadt, Pieschen",Zentralheizung oder Etagenheizung,69
335,2007,"04 Leipziger Vorstadt, Pieschen",Einzelraumheizung,9
336,2007,"05 Mickten, Kaditz, Trachau",Fernheizung,28
337,2007,"05 Mickten, Kaditz, Trachau",Zentralheizung oder Etagenheizung,70
338,2007,"05 Mickten, Kaditz, Trachau",Einzelraumheizung,2
339,2007,06 StB Klotzsche und nördliche OS,Fernheizung,24
340,2007,06 StB Klotzsche und nördliche OS,Zentralheizung oder Etagenheizung,73
341,2007,06 StB Klotzsche und nördliche OS,Einzelraumheizung,3
342,2007,07 StB Loschwitz und OS Schönfeld-Weißig,Fernheizung,9
343,2007,07 StB Loschwitz und OS Schönfeld-Weißig,Zentralheizung oder Etagenheizung,86
344,2007,07 StB Loschwitz und OS Schönfeld-Weißig,Einzelraumheizung,5
345,2007,"08 Blasewitz, Striesen",Fernheizung,49
346,2007,"08 Blasewitz, Striesen",Zentralheizung oder Etagenheizung,50
347,2007,"08 Blasewitz, Striesen",Einzelraumheizung,1
348,2007,"09 Tolkewitz, Seidnitz, Gruna",Fernheizung,64
349,2007,"09 Tolkewitz, Seidnitz, Gruna",Zentralheizung oder Etagenheizung,36
350,2007,"09 Tolkewitz, Seidnitz, Gruna",Einzelraumheizung,1
351,2007,10 StB Leuben,Fernheizung,49
352,2007,10 StB Leuben,Zentralheizung oder Etagenheizung,50
353,2007,10 StB Leuben,Einzelraumheizung,2
354,2007,"11 Prohlis, Reick (mit Sternhäuser, Am Koitschgraben)",Fernheizung,75
355,2007,"11 Prohlis, Reick (mit Sternhäuser, Am Koitschgraben)",Zentralheizung oder Etagenheizung,25
356,2007,"11 Prohlis, Reick (mit Sternhäuser, Am Koitschgraben)",Einzelraumheizung,0
357,2007,"12 Niedersedlitz, Leubnitz, Strehlen (ohne Sternhäuser, Am Koitschgraben)",Fernheizung,25
358,2007,"12 Niedersedlitz, Leubnitz, Strehlen (ohne Sternhäuser, Am Koitschgraben)",Zentralheizung oder Etagenheizung,72
359,2007,"12 Niedersedlitz, Leubnitz, Strehlen (ohne Sternhäuser, Am Koitschgraben)",Einzelraumheizung,3
360,2007,"13 Südvorstadt, Zschertnitz",Fernheizung,63
361,2007,"13 Südvorstadt, Zschertnitz",Zentralheizung oder Etagenheizung,34
362,2007,"13 Südvorstadt, Zschertnitz",Einzelraumheizung,3
363,2007,"14 Mockritz, Coschütz, Plauen",Fernheizung,31
364,2007,"14 Mockritz, Coschütz, Plauen",Zentralheizung oder Etagenheizung,68
365,2007,"14 Mockritz, Coschütz, Plauen",Einzelraumheizung,1
366,2007,"15 Cotta, Löbtau, Naußlitz, Dölzschen",Fernheizung,29
367,2007,"15 Cotta, Löbtau, Naußlitz, Dölzschen",Zentralheizung oder Etagenheizung,65
368,2007,"15 Cotta, Löbtau, Naußlitz, Dölzschen",Einzelraumheizung,5
369,2007,16 Gorbitz,Fernheizung,81
370,2007,16 Gorbitz,Zentralheizung oder Etagenheizung,19
371,2007,16 Gorbitz,Einzelraumheizung,0
372,2007,17 Briesnitz und westliche OS,Fernheizung,10
373,2007,17 Briesnitz und westliche OS,Zentralheizung oder Etagenheizung,88
374,2007,17 Briesnitz und westliche OS,Einzelraumheizung,2
375,2007,18 Dresden gesamt,Fernheizung,46
376,2007,18 Dresden gesamt,Zentralheizung oder Etagenheizung,52
377,2007,18 Dresden gesamt,Einzelraumheizung,3
378,2010,01 StB Altstadt ohne Johannstadt,Fernheizung,66
379,2010,01 StB Altstadt ohne Johannstadt,Zentralheizung oder Etagenheizung,34
380,2010,01 StB Altstadt ohne Johannstadt,Einzelraumheizung,0
381,2010,02 Johannstadt,Fernheizung,76
382,2010,02 Johannstadt,Zentralheizung oder Etagenheizung,24
383,2010,02 Johannstadt,Einzelraumheizung,0
384,2010,03 StB Neustadt ohne Leipziger Vorstadt,Fernheizung,53
385,2010,03 StB Neustadt ohne Leipziger Vorstadt,Zentralheizung oder Etagenheizung,43
386,2010,03 StB Neustadt ohne Leipziger Vorstadt,Einzelraumheizung,3
387,2010,"04 Leipziger Vorstadt, Pieschen",Fernheizung,23
388,2010,"04 Leipziger Vorstadt, Pieschen",Zentralheizung oder Etagenheizung,75
389,2010,"04 Leipziger Vorstadt, Pieschen",Einzelraumheizung,2
390,2010,"05 Mickten, Kaditz, Trachau",Fernheizung,33
391,2010,"05 Mickten, Kaditz, Trachau",Zentralheizung oder Etagenheizung,67
392,2010,"05 Mickten, Kaditz, Trachau",Einzelraumheizung,1
393,2010,06 StB Klotzsche und nördliche OS,Fernheizung,28
394,2010,06 StB Klotzsche und nördliche OS,Zentralheizung oder Etagenheizung,71
395,2010,06 StB Klotzsche und nördliche OS,Einzelraumheizung,1
396,2010,07 StB Loschwitz und OS Schönfeld-Weißig,Fernheizung,11
397,2010,07 StB Loschwitz und OS Schönfeld-Weißig,Zentralheizung oder Etagenheizung,88
398,2010,07 StB Loschwitz und OS Schönfeld-Weißig,Einzelraumheizung,1
399,2010,"08 Blasewitz, Striesen",Fernheizung,48
400,2010,"08 Blasewitz, Striesen",Zentralheizung oder Etagenheizung,50
401,2010,"08 Blasewitz, Striesen",Einzelraumheizung,1
402,2010,"09 Tolkewitz, Seidnitz, Gruna",Fernheizung,68
403,2010,"09 Tolkewitz, Seidnitz, Gruna",Zentralheizung oder Etagenheizung,32
404,2010,"09 Tolkewitz, Seidnitz, Gruna",Einzelraumheizung,0
405,2010,10 StB Leuben,Fernheizung,40
406,2010,10 StB Leuben,Zentralheizung oder Etagenheizung,59
407,2010,10 StB Leuben,Einzelraumheizung,1
408,2010,"11 Prohlis, Reick (mit Sternhäuser, Am Koitschgraben)",Fernheizung,87
409,2010,"11 Prohlis, Reick (mit Sternhäuser, Am Koitschgraben)",Zentralheizung oder Etagenheizung,13
410,2010,"11 Prohlis, Reick (mit Sternhäuser, Am Koitschgraben)",Einzelraumheizung,0
411,2010,"12 Niedersedlitz, Leubnitz, Strehlen (ohne Sternhäuser, Am Koitschgraben)",Fernheizung,28
412,2010,"12 Niedersedlitz, Leubnitz, Strehlen (ohne Sternhäuser, Am Koitschgraben)",Zentralheizung oder Etagenheizung,70
413,2010,"12 Niedersedlitz, Leubnitz, Strehlen (ohne Sternhäuser, Am Koitschgraben)",Einzelraumheizung,2
414,2010,"13 Südvorstadt, Zschertnitz",Fernheizung,72
415,2010,"13 Südvorstadt, Zschertnitz",Zentralheizung oder Etagenheizung,28
416,2010,"13 Südvorstadt, Zschertnitz",Einzelraumheizung,0
417,2010,"14 Mockritz, Coschütz, Plauen",Fernheizung,35
418,2010,"14 Mockritz, Coschütz, Plauen",Zentralheizung oder Etagenheizung,65
419,2010,"14 Mockritz, Coschütz, Plauen",Einzelraumheizung,0
420,2010,"15 Cotta, Löbtau, Naußlitz, Dölzschen",Fernheizung,20
421,2010,"15 Cotta, Löbtau, Naußlitz, Dölzschen",Zentralheizung oder Etagenheizung,79
422,2010,"15 Cotta, Löbtau, Naußlitz, Dölzschen",Einzelraumheizung,2
423,2010,16 Gorbitz,Fernheizung,93
424,2010,16 Gorbitz,Zentralheizung oder Etagenheizung,7
425,2010,16 Gorbitz,Einzelraumheizung,0
426,2010,17 Briesnitz und westliche OS,Fernheizung,11
427,2010,17 Briesnitz und westliche OS,Zentralheizung oder Etagenheizung,88
428,2010,17 Briesnitz und westliche OS,Einzelraumheizung,1
429,2010,18 Dresden gesamt,Fernheizung,46
430,2010,18 Dresden gesamt,Zentralheizung oder Etagenheizung,53
431,2010,18 Dresden gesamt,Einzelraumheizung,1
432,2012,01 StB Altstadt ohne Johannstadt,Fernheizung,79
433,2012,01 StB Altstadt ohne Johannstadt,Zentralheizung oder Etagenheizung,21
434,2012,01 StB Altstadt ohne Johannstadt,Einzelraumheizung,0
435,2012,02 Johannstadt,Fernheizung,85
436,2012,02 Johannstadt,Zentralheizung oder Etagenheizung,15
437,2012,02 Johannstadt,Einzelraumheizung,0
438,2012,03 StB Neustadt ohne Leipziger Vorstadt,Fernheizung,72
439,2012,03 StB Neustadt ohne Leipziger Vorstadt,Zentralheizung oder Etagenheizung,27
440,2012,03 StB Neustadt ohne Leipziger Vorstadt,Einzelraumheizung,1
441,2012,"04 Leipziger Vorstadt, Pieschen",Fernheizung,42
442,2012,"04 Leipziger Vorstadt, Pieschen",Zentralheizung oder Etagenheizung,56
443,2012,"04 Leipziger Vorstadt, Pieschen",Einzelraumheizung,1
444,2012,"05 Mickten, Kaditz, Trachau",Fernheizung,49
445,2012,"05 Mickten, Kaditz, Trachau",Zentralheizung oder Etagenheizung,51
446,2012,"05 Mickten, Kaditz, Trachau",Einzelraumheizung,0
447,2012,06 StB Klotzsche und nördliche OS,Fernheizung,33
448,2012,06 StB Klotzsche und nördliche OS,Zentralheizung oder Etagenheizung,64
449,2012,06 StB Klotzsche und nördliche OS,Einzelraumheizung,3
450,2012,07 StB Loschwitz und OS Schönfeld-Weißig,Fernheizung,13
451,2012,07 StB Loschwitz und OS Schönfeld-Weißig,Zentralheizung oder Etagenheizung,80
452,2012,07 StB Loschwitz und OS Schönfeld-Weißig,Einzelraumheizung,8
453,2012,"08 Blasewitz, Striesen",Fernheizung,59
454,2012,"08 Blasewitz, Striesen",Zentralheizung oder Etagenheizung,39
455,2012,"08 Blasewitz, Striesen",Einzelraumheizung,2
456,2012,"09 Tolkewitz, Seidnitz, Gruna",Fernheizung,79
457,2012,"09 Tolkewitz, Seidnitz, Gruna",Zentralheizung oder Etagenheizung,21
458,2012,"09 Tolkewitz, Seidnitz, Gruna",Einzelraumheizung,0
459,2012,10 StB Leuben,Fernheizung,54
460,2012,10 StB Leuben,Zentralheizung oder Etagenheizung,43
461,2012,10 StB Leuben,Einzelraumheizung,3
462,2012,"11 Prohlis, Reick (mit Sternhäuser, Am Koitschgraben)",Fernheizung,93
463,2012,"11 Prohlis, Reick (mit Sternhäuser, Am Koitschgraben)",Zentralheizung oder Etagenheizung,7
464,2012,"11 Prohlis, Reick (mit Sternhäuser, Am Koitschgraben)",Einzelraumheizung,0
465,2012,"12 Niedersedlitz, Leubnitz, Strehlen (ohne Sternhäuser, Am Koitschgraben)",Fernheizung,48
466,2012,"12 Niedersedlitz, Leubnitz, Strehlen (ohne Sternhäuser, Am Koitschgraben)",Zentralheizung oder Etagenheizung,51
467,2012,"12 Niedersedlitz, Leubnitz, Strehlen (ohne Sternhäuser, Am Koitschgraben)",Einzelraumheizung,1
468,2012,"13 Südvorstadt, Zschertnitz",Fernheizung,84
469,2012,"13 Südvorstadt, Zschertnitz",Zentralheizung oder Etagenheizung,16
470,2012,"13 Südvorstadt, Zschertnitz",Einzelraumheizung,0
471,2012,"14 Mockritz, Coschütz, Plauen",Fernheizung,44
472,2012,"14 Mockritz, Coschütz, Plauen",Zentralheizung oder Etagenheizung,54
473,2012,"14 Mockritz, Coschütz, Plauen",Einzelraumheizung,3
474,2012,"15 Cotta, Löbtau, Naußlitz, Dölzschen",Fernheizung,39
475,2012,"15 Cotta, Löbtau, Naußlitz, Dölzschen",Zentralheizung oder Etagenheizung,59
476,2012,"15 Cotta, Löbtau, Naußlitz, Dölzschen",Einzelraumheizung,2
477,2012,16 Gorbitz,Fernheizung,91
478,2012,16 Gorbitz,Zentralheizung oder Etagenheizung,9
479,2012,16 Gorbitz,Einzelraumheizung,0
480,2012,17 Briesnitz und westliche OS,Fernheizung,19
481,2012,17 Briesnitz und westliche OS,Zentralheizung oder Etagenheizung,80
482,2012,17 Briesnitz und westliche OS,Einzelraumheizung,1
483,2012,18 Dresden gesamt,Fernheizung,59
484,2012,18 Dresden gesamt,Zentralheizung oder Etagenheizung,40
485,2012,18 Dresden gesamt,Einzelraumheizung,1
486,2014,01 StB Altstadt ohne Johannstadt,Fernheizung,71
487,2014,01 StB Altstadt ohne Johannstadt,Zentralheizung oder Etagenheizung,30
488,2014,01 StB Altstadt ohne Johannstadt,Einzelraumheizung,0
489,2014,02 Johannstadt,Fernheizung,75
490,2014,02 Johannstadt,Zentralheizung oder Etagenheizung,25
491,2014,02 Johannstadt,Einzelraumheizung,0
492,2014,03 StB Neustadt ohne Leipziger Vorstadt,Fernheizung,41
493,2014,03 StB Neustadt ohne Leipziger Vorstadt,Zentralheizung oder Etagenheizung,55
494,2014,03 StB Neustadt ohne Leipziger Vorstadt,Einzelraumheizung,4
495,2014,"04 Leipziger Vorstadt, Pieschen",Fernheizung,23
496,2014,"04 Leipziger Vorstadt, Pieschen",Zentralheizung oder Etagenheizung,68
497,2014,"04 Leipziger Vorstadt, Pieschen",Einzelraumheizung,9
498,2014,"05 Mickten, Kaditz, Trachau",Fernheizung,39
499,2014,"05 Mickten, Kaditz, Trachau",Zentralheizung oder Etagenheizung,54
500,2014,"05 Mickten, Kaditz, Trachau",Einzelraumheizung,7
501,2014,06 StB Klotzsche und nördliche OS,Fernheizung,17
502,2014,06 StB Klotzsche und nördliche OS,Zentralheizung oder Etagenheizung,81
503,2014,06 StB Klotzsche und nördliche OS,Einzelraumheizung,2
504,2014,07 StB Loschwitz und OS Schönfeld-Weißig,Fernheizung,7
505,2014,07 StB Loschwitz und OS Schönfeld-Weißig,Zentralheizung oder Etagenheizung,89
506,2014,07 StB Loschwitz und OS Schönfeld-Weißig,Einzelraumheizung,4
507,2014,"08 Blasewitz, Striesen",Fernheizung,55
508,2014,"08 Blasewitz, Striesen",Zentralheizung oder Etagenheizung,45
509,2014,"08 Blasewitz, Striesen",Einzelraumheizung,1
510,2014,"09 Tolkewitz, Seidnitz, Gruna",Fernheizung,65
511,2014,"09 Tolkewitz, Seidnitz, Gruna",Zentralheizung oder Etagenheizung,31
512,2014,"09 Tolkewitz, Seidnitz, Gruna",Einzelraumheizung,4
513,2014,10 StB Leuben,Fernheizung,47
514,2014,10 StB Leuben,Zentralheizung oder Etagenheizung,52
515,2014,10 StB Leuben,Einzelraumheizung,1
516,2014,"11 Prohlis, Reick (mit Sternhäuser, Am Koitschgraben)",Fernheizung,75
517,2014,"11 Prohlis, Reick (mit Sternhäuser, Am Koitschgraben)",Zentralheizung oder Etagenheizung,25
518,2014,"11 Prohlis, Reick (mit Sternhäuser, Am Koitschgraben)",Einzelraumheizung,0
519,2014,"12 Niedersedlitz, Leubnitz, Strehlen (ohne Sternhäuser, Am Koitschgraben)",Fernheizung,32
520,2014,"12 Niedersedlitz, Leubnitz, Strehlen (ohne Sternhäuser, Am Koitschgraben)",Zentralheizung oder Etagenheizung,65
521,2014,"12 Niedersedlitz, Leubnitz, Strehlen (ohne Sternhäuser, Am Koitschgraben)",Einzelraumheizung,3
522,2014,"13 Südvorstadt, Zschertnitz",Fernheizung,66
523,2014,"13 Südvorstadt, Zschertnitz",Zentralheizung oder Etagenheizung,34
524,2014,"13 Südvorstadt, Zschertnitz",Einzelraumheizung,1
525,2014,"14 Mockritz, Coschütz, Plauen",Fernheizung,25
526,2014,"14 Mockritz, Coschütz, Plauen",Zentralheizung oder Etagenheizung,73
527,2014,"14 Mockritz, Coschütz, Plauen",Einzelraumheizung,1
528,2014,"15 Cotta, Löbtau, Naußlitz, Dölzschen",Fernheizung,23
529,2014,"15 Cotta, Löbtau, Naußlitz, Dölzschen",Zentralheizung oder Etagenheizung,72
530,2014,"15 Cotta, Löbtau, Naußlitz, Dölzschen",Einzelraumheizung,5
531,2014,16 Gorbitz,Fernheizung,80
532,2014,16 Gorbitz,Zentralheizung oder Etagenheizung,20
533,2014,16 Gorbitz,Einzelraumheizung,0
534,2014,17 Briesnitz und westliche OS,Fernheizung,10
535,2014,17 Briesnitz und westliche OS,Zentralheizung oder Etagenheizung,88
536,2014,17 Briesnitz und westliche OS,Einzelraumheizung,2
537,2014,18 Dresden gesamt,Fernheizung,45
538,2014,18 Dresden gesamt,Zentralheizung oder Etagenheizung,53
539,2014,18 Dresden gesamt,Einzelraumheizung,3
540,2016,01 StB Altstadt ohne Johannstadt,Fernheizung,67
541,2016,01 StB Altstadt ohne Johannstadt,Zentralheizung oder Etagenheizung,32
542,2016,01 StB Altstadt ohne Johannstadt,Einzelraumheizung,1
543,2016,02 Johannstadt,Fernheizung,77
544,2016,02 Johannstadt,Zentralheizung oder Etagenheizung,23
545,2016,02 Johannstadt,Einzelraumheizung,0
546,2016,03 StB Neustadt ohne Leipziger Vorstadt,Fernheizung,52
547,2016,03 StB Neustadt ohne Leipziger Vorstadt,Zentralheizung oder Etagenheizung,45
548,2016,03 StB Neustadt ohne Leipziger Vorstadt,Einzelraumheizung,4
549,2016,"04 Leipziger Vorstadt, Pieschen",Fernheizung,25
550,2016,"04 Leipziger Vorstadt, Pieschen",Zentralheizung oder Etagenheizung,74
551,2016,"04 Leipziger Vorstadt, Pieschen",Einzelraumheizung,2
552,2016,"05 Mickten, Kaditz, Trachau",Fernheizung,33
553,2016,"05 Mickten, Kaditz, Trachau",Zentralheizung oder Etagenheizung,66
554,2016,"05 Mickten, Kaditz, Trachau",Einzelraumheizung,1
555,2016,06 StB Klotzsche und nördliche OS,Fernheizung,28
556,2016,06 StB Klotzsche und nördliche OS,Zentralheizung oder Etagenheizung,72
557,2016,06 StB Klotzsche und nördliche OS,Einzelraumheizung,1
558,2016,07 StB Loschwitz und OS Schönfeld-Weißig,Fernheizung,9
559,2016,07 StB Loschwitz und OS Schönfeld-Weißig,Zentralheizung oder Etagenheizung,88
560,2016,07 StB Loschwitz und OS Schönfeld-Weißig,Einzelraumheizung,3
561,2016,"08 Blasewitz, Striesen",Fernheizung,51
562,2016,"08 Blasewitz, Striesen",Zentralheizung oder Etagenheizung,49
563,2016,"08 Blasewitz, Striesen",Einzelraumheizung,0
564,2016,"09 Tolkewitz, Seidnitz, Gruna",Fernheizung,61
565,2016,"09 Tolkewitz, Seidnitz, Gruna",Zentralheizung oder Etagenheizung,39
566,2016,"09 Tolkewitz, Seidnitz, Gruna",Einzelraumheizung,0
567,2016,10 StB Leuben,Fernheizung,46
568,2016,10 StB Leuben,Zentralheizung oder Etagenheizung,53
569,2016,10 StB Leuben,Einzelraumheizung,1
570,2016,"11 Prohlis, Reick (mit Sternhäuser, Am Koitschgraben)",Fernheizung,79
571,2016,"11 Prohlis, Reick (mit Sternhäuser, Am Koitschgraben)",Zentralheizung oder Etagenheizung,20
572,2016,"11 Prohlis, Reick (mit Sternhäuser, Am Koitschgraben)",Einzelraumheizung,1
573,2016,"12 Niedersedlitz, Leubnitz, Strehlen (ohne Sternhäuser, Am Koitschgraben)",Fernheizung,32
574,2016,"12 Niedersedlitz, Leubnitz, Strehlen (ohne Sternhäuser, Am Koitschgraben)",Zentralheizung oder Etagenheizung,66
575,2016,"12 Niedersedlitz, Leubnitz, Strehlen (ohne Sternhäuser, Am Koitschgraben)",Einzelraumheizung,3
576,2016,"13 Südvorstadt, Zschertnitz",Fernheizung,65
577,2016,"13 Südvorstadt, Zschertnitz",Zentralheizung oder Etagenheizung,34
578,2016,"13 Südvorstadt, Zschertnitz",Einzelraumheizung,0
579,2016,"14 Mockritz, Coschütz, Plauen",Fernheizung,35
580,2016,"14 Mockritz, Coschütz, Plauen",Zentralheizung oder Etagenheizung,64
581,2016,"14 Mockritz, Coschütz, Plauen",Einzelraumheizung,0
582,2016,"15 Cotta, Löbtau, Naußlitz, Dölzschen",Fernheizung,32
583,2016,"15 Cotta, Löbtau, Naußlitz, Dölzschen",Zentralheizung oder Etagenheizung,68
584,2016,"15 Cotta, Löbtau, Naußlitz, Dölzschen",Einzelraumheizung,0
585,2016,16 Gorbitz,Fernheizung,78
586,2016,16 Gorbitz,Zentralheizung oder Etagenheizung,22
587,2016,16 Gorbitz,Einzelraumheizung,0
588,2016,17 Briesnitz und westliche OS,Fernheizung,12
589,2016,17 Briesnitz und westliche OS,Zentralheizung oder Etagenheizung,85
590,2016,17 Briesnitz und westliche OS,Einzelraumheizung,3
591,2016,18 Dresden gesamt,Fernheizung,45
592,2016,18 Dresden gesamt,Zentralheizung oder Etagenheizung,54
593,2016,18 Dresden gesamt,Einzelraumheizung,1
594,2018,01 StB Altstadt ohne Johannstadt,Fernheizung,68
595,2018,01 StB Altstadt ohne Johannstadt,Zentralheizung oder Etagenheizung,32
596,2018,01 StB Altstadt ohne Johannstadt,Einzelraumheizung,0
597,2018,02 Johannstadt,Fernheizung,73
598,2018,02 Johannstadt,Zentralheizung oder Etagenheizung,26
599,2018,02 Johannstadt,Einzelraumheizung,2
600,2018,03 StB Neustadt ohne Leipziger Vorstadt,Fernheizung,44
601,2018,03 StB Neustadt ohne Leipziger Vorstadt,Zentralheizung oder Etagenheizung,54
602,2018,03 StB Neustadt ohne Leipziger Vorstadt,Einzelraumheizung,3
603,2018,"04 Leipziger Vorstadt, Pieschen",Fernheizung,25
604,2018,"04 Leipziger Vorstadt, Pieschen",Zentralheizung oder Etagenheizung,73
605,2018,"04 Leipziger Vorstadt, Pieschen",Einzelraumheizung,2
606,2018,"05 Mickten, Kaditz, Trachau",Fernheizung,39
607,2018,"05 Mickten, Kaditz, Trachau",Zentralheizung oder Etagenheizung,61
608,2018,"05 Mickten, Kaditz, Trachau",Einzelraumheizung,0
609,2018,06 StB Klotzsche und nördliche OS,Fernheizung,26
610,2018,06 StB Klotzsche und nördliche OS,Zentralheizung oder Etagenheizung,73
611,2018,06 StB Klotzsche und nördliche OS,Einzelraumheizung,1
612,2018,07 StB Loschwitz und OS Schönfeld-Weißig,Fernheizung,12
613,2018,07 StB Loschwitz und OS Schönfeld-Weißig,Zentralheizung oder Etagenheizung,86
614,2018,07 StB Loschwitz und OS Schönfeld-Weißig,Einzelraumheizung,2
615,2018,"08 Blasewitz, Striesen",Fernheizung,49
616,2018,"08 Blasewitz, Striesen",Zentralheizung oder Etagenheizung,51
617,2018,"08 Blasewitz, Striesen",Einzelraumheizung,0
618,2018,"09 Tolkewitz, Seidnitz, Gruna",Fernheizung,67
619,2018,"09 Tolkewitz, Seidnitz, Gruna",Zentralheizung oder Etagenheizung,32
620,2018,"09 Tolkewitz, Seidnitz, Gruna",Einzelraumheizung,1
621,2018,10 StB Leuben,Fernheizung,49
622,2018,10 StB Leuben,Zentralheizung oder Etagenheizung,51
623,2018,10 StB Leuben,Einzelraumheizung,1
624,2018,"11 Prohlis, Reick (mit Sternhäuser, Am Koitschgraben)",Fernheizung,73
625,2018,"11 Prohlis, Reick (mit Sternhäuser, Am Koitschgraben)",Zentralheizung oder Etagenheizung,27
626,2018,"11 Prohlis, Reick (mit Sternhäuser, Am Koitschgraben)",Einzelraumheizung,0
627,2018,"12 Niedersedlitz, Leubnitz, Strehlen (ohne Sternhäuser, Am Koitschgraben)",Fernheizung,30
628,2018,"12 Niedersedlitz, Leubnitz, Strehlen (ohne Sternhäuser, Am Koitschgraben)",Zentralheizung oder Etagenheizung,70
629,2018,"12 Niedersedlitz, Leubnitz, Strehlen (ohne Sternhäuser, Am Koitschgraben)",Einzelraumheizung,1
630,2018,"13 Südvorstadt, Zschertnitz",Fernheizung,63
631,2018,"13 Südvorstadt, Zschertnitz",Zentralheizung oder Etagenheizung,35
632,2018,"13 Südvorstadt, Zschertnitz",Einzelraumheizung,2
633,2018,"14 Mockritz, Coschütz, Plauen",Fernheizung,31
634,2018,"14 Mockritz, Coschütz, Plauen",Zentralheizung oder Etagenheizung,67
635,2018,"14 Mockritz, Coschütz, Plauen",Einzelraumheizung,2
636,2018,"15 Cotta, Löbtau, Naußlitz, Dölzschen",Fernheizung,36
637,2018,"15 Cotta, Löbtau, Naußlitz, Dölzschen",Zentralheizung oder Etagenheizung,62
638,2018,"15 Cotta, Löbtau, Naußlitz, Dölzschen",Einzelraumheizung,2
639,2018,16 Gorbitz,Fernheizung,74
640,2018,16 Gorbitz,Zentralheizung oder Etagenheizung,26
641,2018,16 Gorbitz,Einzelraumheizung,0
642,2018,17 Briesnitz und westliche OS,Fernheizung,8
643,2018,17 Briesnitz und westliche OS,Zentralheizung oder Etagenheizung,91
644,2018,17 Briesnitz und westliche OS,Einzelraumheizung,2
645,2018,18 Dresden gesamt,Fernheizung,45
646,2018,18 Dresden gesamt,Zentralheizung oder Etagenheizung,54
647,2018,18 Dresden gesamt,Einzelraumheizung,1
