Jahr,Stadtraum,Anzahl Wohnungen,Anzahl leerstehende Wohnungen,Anteil_leerstehende_Wohnungen
1999,01 StB Altstadt ohne Johannstadt,18486,3218,0.17407768040679433
1999,02 Johannstadt,13230,1571,0.11874527588813304
1999,03 StB Neustadt ohne Leipziger Vorstadt,18153,5190,0.28590315650305737
1999,"04 Leipziger Vorstadt, Pieschen",19934,6723,0.3372629677937193
1999,"05 Mickten, Kaditz, Trachau",15467,3902,0.25227904571022175
1999,06 StB Klotzsche und nördliche OS,14042,1966,0.14000854579119784
1999,07 StB Loschwitz und OS Schönfeld-Weißig,15240,2866,0.18805774278215223
1999,"08 Blasewitz, Striesen",23885,5884,0.24634707975716977
1999,"09 Tolkewitz, Seidnitz, Gruna",21479,3451,0.1606685599888263
1999,10 StB Leuben,21612,3692,0.17083101980381268
1999,"11 Prohlis, Reick (mit Sternhäuser, Am Koitschgraben)",15947,2492,0.15626763654605882
1999,"12 Niedersedlitz, Leubnitz, Strehlen (ohne Sternhäuser, Am Koitschgraben)",16960,2716,0.16014150943396227
1999,"13 Südvorstadt, Zschertnitz",14523,2175,0.1497624457756662
1999,"14 Mockritz, Coschütz, Plauen",12295,2689,0.21870679137860918
1999,"15 Cotta, Löbtau, Naußlitz, Dölzschen",22793,7170,0.31457026279998246
1999,16 Gorbitz,14497,2164,0.14927226322687454
1999,17 Briesnitz und westliche OS,10866,2192,0.20173016749493833
2000,01 StB Altstadt ohne Johannstadt,18496,3562,0.19258217993079585
2000,02 Johannstadt,13287,1792,0.13486866862346655
2000,03 StB Neustadt ohne Leipziger Vorstadt,18364,4664,0.25397516880853843
2000,"04 Leipziger Vorstadt, Pieschen",19945,6244,0.31306091752318876
2000,"05 Mickten, Kaditz, Trachau",15657,3470,0.22162610972727853
2000,06 StB Klotzsche und nördliche OS,14224,1878,0.13203037120359956
2000,07 StB Loschwitz und OS Schönfeld-Weißig,15470,2773,0.17925016160310278
2000,"08 Blasewitz, Striesen",24167,4842,0.2003558571605909
2000,"09 Tolkewitz, Seidnitz, Gruna",21584,3547,0.1643346923647146
2000,10 StB Leuben,21746,3770,0.17336521659155707
2000,"11 Prohlis, Reick (mit Sternhäuser, Am Koitschgraben)",15988,3362,0.21028271203402552
2000,"12 Niedersedlitz, Leubnitz, Strehlen (ohne Sternhäuser, Am Koitschgraben)",17468,2881,0.16493015800320587
2000,"13 Südvorstadt, Zschertnitz",14622,2321,0.15873341540144986
2000,"14 Mockritz, Coschütz, Plauen",12452,2334,0.18743976871185353
2000,"15 Cotta, Löbtau, Naußlitz, Dölzschen",22988,6874,0.2990255785627284
2000,16 Gorbitz,14504,2861,0.19725592939878653
2000,17 Briesnitz und westliche OS,11051,2223,0.20115826622025157
2001,01 StB Altstadt ohne Johannstadt,18476,3881,0.21005628924009526
2001,02 Johannstadt,13268,1772,0.13355441664154355
2001,03 StB Neustadt ohne Leipziger Vorstadt,18628,4375,0.2348614988189822
2001,"04 Leipziger Vorstadt, Pieschen",20053,5711,0.2847952924749414
2001,"05 Mickten, Kaditz, Trachau",15683,3199,0.20397883058088376
2001,06 StB Klotzsche und nördliche OS,14391,1805,0.12542561323049128
2001,07 StB Loschwitz und OS Schönfeld-Weißig,15607,2586,0.1656948805023387
2001,"08 Blasewitz, Striesen",24285,4032,0.1660284126003706
2001,"09 Tolkewitz, Seidnitz, Gruna",21625,3573,0.16522543352601157
2001,10 StB Leuben,21878,3877,0.17720998263095347
2001,"11 Prohlis, Reick (mit Sternhäuser, Am Koitschgraben)",15951,3792,0.23772804212902013
2001,"12 Niedersedlitz, Leubnitz, Strehlen (ohne Sternhäuser, Am Koitschgraben)",17592,2907,0.1652455661664393
2001,"13 Südvorstadt, Zschertnitz",14521,2211,0.1522622408925005
2001,"14 Mockritz, Coschütz, Plauen",12536,2149,0.17142629227823866
2001,"15 Cotta, Löbtau, Naußlitz, Dölzschen",23063,6511,0.2823136625764211
2001,16 Gorbitz,14539,3359,0.23103377123598598
2001,17 Briesnitz und westliche OS,11186,2138,0.19113177185767924
2002,01 StB Altstadt ohne Johannstadt,18455,3937,0.21332972094283392
2002,02 Johannstadt,13241,1619,0.12227173174231554
2002,03 StB Neustadt ohne Leipziger Vorstadt,18844,4056,0.2152409254935258
2002,"04 Leipziger Vorstadt, Pieschen",20045,5083,0.25357944624594664
2002,"05 Mickten, Kaditz, Trachau",15662,2999,0.19148256927595453
2002,06 StB Klotzsche und nördliche OS,14556,1769,0.1215306402857928
2002,07 StB Loschwitz und OS Schönfeld-Weißig,15697,2479,0.15792826654774797
2002,"08 Blasewitz, Striesen",24333,3492,0.14350881518924916
2002,"09 Tolkewitz, Seidnitz, Gruna",21651,3512,0.16220959770911275
2002,10 StB Leuben,21927,4032,0.18388288411547407
2002,"11 Prohlis, Reick (mit Sternhäuser, Am Koitschgraben)",15957,3877,0.24296546969981825
2002,"12 Niedersedlitz, Leubnitz, Strehlen (ohne Sternhäuser, Am Koitschgraben)",17680,2904,0.16425339366515837
2002,"13 Südvorstadt, Zschertnitz",14557,2051,0.14089441505804767
2002,"14 Mockritz, Coschütz, Plauen",12619,1972,0.15627228781995403
2002,"15 Cotta, Löbtau, Naußlitz, Dölzschen",23074,6034,0.2615064574846147
2002,16 Gorbitz,14371,3457,0.24055389325725418
2002,17 Briesnitz und westliche OS,11228,2073,0.18462771642322764
2003,01 StB Altstadt ohne Johannstadt,18359,3765,0.20507652922272454
2003,02 Johannstadt,13405,1682,0.12547556881760538
2003,03 StB Neustadt ohne Leipziger Vorstadt,19009,3564,0.1874901362512494
2003,"04 Leipziger Vorstadt, Pieschen",20158,4730,0.2346462942752257
2003,"05 Mickten, Kaditz, Trachau",15673,2823,0.18011867542908186
2003,06 StB Klotzsche und nördliche OS,14639,1684,0.11503517999863379
2003,07 StB Loschwitz und OS Schönfeld-Weißig,15895,2440,0.15350739226171753
2003,"08 Blasewitz, Striesen",24496,3248,0.1325930764206401
2003,"09 Tolkewitz, Seidnitz, Gruna",21707,3332,0.15349887133182843
2003,10 StB Leuben,21843,3735,0.17099299546765553
2003,"11 Prohlis, Reick (mit Sternhäuser, Am Koitschgraben)",15850,3897,0.24586750788643533
2003,"12 Niedersedlitz, Leubnitz, Strehlen (ohne Sternhäuser, Am Koitschgraben)",17887,2983,0.16676916196120087
2003,"13 Südvorstadt, Zschertnitz",14575,1840,0.12624356775300172
2003,"14 Mockritz, Coschütz, Plauen",12699,1848,0.14552326954878336
2003,"15 Cotta, Löbtau, Naußlitz, Dölzschen",23126,5481,0.23700596730952175
2003,16 Gorbitz,14386,3296,0.22911163631308215
2003,17 Briesnitz und westliche OS,11282,2067,0.18321219641907463
2004,01 StB Altstadt ohne Johannstadt,18308,3604,0.19685383438933798
2004,02 Johannstadt,13221,1520,0.11496861054383178
2004,03 StB Neustadt ohne Leipziger Vorstadt,19044,3456,0.18147448015122875
2004,"04 Leipziger Vorstadt, Pieschen",20002,4495,0.22472752724727527
2004,"05 Mickten, Kaditz, Trachau",15666,2657,0.1696029618281629
2004,06 StB Klotzsche und nördliche OS,14747,1608,0.10903912660202075
2004,07 StB Loschwitz und OS Schönfeld-Weißig,16002,2361,0.1475440569928759
2004,"08 Blasewitz, Striesen",24461,3063,0.12521973754139243
2004,"09 Tolkewitz, Seidnitz, Gruna",21758,3274,0.15047338909826272
2004,10 StB Leuben,21795,3523,0.1616425785730672
2004,"11 Prohlis, Reick (mit Sternhäuser, Am Koitschgraben)",15683,3846,0.24523369253331634
2004,"12 Niedersedlitz, Leubnitz, Strehlen (ohne Sternhäuser, Am Koitschgraben)",17899,2966,0.1657075814291301
2004,"13 Südvorstadt, Zschertnitz",14584,1780,0.12205156335710368
2004,"14 Mockritz, Coschütz, Plauen",12705,1682,0.1323888232979142
2004,"15 Cotta, Löbtau, Naußlitz, Dölzschen",23020,5202,0.2259774109470026
2004,16 Gorbitz,13850,2488,0.17963898916967508
2004,17 Briesnitz und westliche OS,11269,1973,0.17508208359215546
2005,01 StB Altstadt ohne Johannstadt,18084,2959,0.16362530413625304
2005,02 Johannstadt,13154,1141,0.08674167553595864
2005,03 StB Neustadt ohne Leipziger Vorstadt,19165,3080,0.16070962692408036
2005,"04 Leipziger Vorstadt, Pieschen",19983,4028,0.20157133563529
2005,"05 Mickten, Kaditz, Trachau",15682,2505,0.15973727840836627
2005,06 StB Klotzsche und nördliche OS,14827,1532,0.10332501517501855
2005,07 StB Loschwitz und OS Schönfeld-Weißig,16126,2217,0.1374798462110877
2005,"08 Blasewitz, Striesen",24558,2707,0.11022884599723104
2005,"09 Tolkewitz, Seidnitz, Gruna",21898,3063,0.13987578774317289
2005,10 StB Leuben,21819,3075,0.14093221504193593
2005,"11 Prohlis, Reick (mit Sternhäuser, Am Koitschgraben)",15162,3077,0.20294156443740932
2005,"12 Niedersedlitz, Leubnitz, Strehlen (ohne Sternhäuser, Am Koitschgraben)",17760,2705,0.15230855855855857
2005,"13 Südvorstadt, Zschertnitz",14615,1542,0.10550803968525488
2005,"14 Mockritz, Coschütz, Plauen",12746,1528,0.11988074690098854
2005,"15 Cotta, Löbtau, Naußlitz, Dölzschen",22982,4620,0.20102689061004264
2005,16 Gorbitz,13727,2105,0.1533474174983609
2005,17 Briesnitz und westliche OS,11331,1867,0.16476921719177479
2006,01 StB Altstadt ohne Johannstadt,18090,3023,0.16710889994472083
2006,02 Johannstadt,13152,1011,0.07687043795620438
2006,03 StB Neustadt ohne Leipziger Vorstadt,19150,2830,0.14778067885117493
2006,"04 Leipziger Vorstadt, Pieschen",19938,3693,0.18522419500451398
2006,"05 Mickten, Kaditz, Trachau",15697,2237,0.142511307893228
2006,06 StB Klotzsche und nördliche OS,14828,1534,0.1034529268950634
2006,07 StB Loschwitz und OS Schönfeld-Weißig,16279,2227,0.136802014865778
2006,"08 Blasewitz, Striesen",24636,2634,0.1069167072576717
2006,"09 Tolkewitz, Seidnitz, Gruna",21810,2785,0.1276937184777625
2006,10 StB Leuben,21636,2665,0.12317433906452209
2006,"11 Prohlis, Reick (mit Sternhäuser, Am Koitschgraben)",15157,2777,0.18321567592531504
2006,"12 Niedersedlitz, Leubnitz, Strehlen (ohne Sternhäuser, Am Koitschgraben)",17927,2814,0.1569699336196798
2006,"13 Südvorstadt, Zschertnitz",14660,1433,0.09774897680763983
2006,"14 Mockritz, Coschütz, Plauen",12784,1521,0.11897684605757196
2006,"15 Cotta, Löbtau, Naußlitz, Dölzschen",22966,4354,0.1895846033266568
2006,16 Gorbitz,13286,1606,0.12087912087912088
2006,17 Briesnitz und westliche OS,11334,1743,0.15378507146638434
2007,01 StB Altstadt ohne Johannstadt,18080,2214,0.12245575221238938
2007,02 Johannstadt,13164,984,0.07474931631722881
2007,03 StB Neustadt ohne Leipziger Vorstadt,19104,2528,0.1323283082077052
2007,"04 Leipziger Vorstadt, Pieschen",19899,3233,0.16247047590331173
2007,"05 Mickten, Kaditz, Trachau",15708,1993,0.12687802393684747
2007,06 StB Klotzsche und nördliche OS,14911,1333,0.0893970893970894
2007,07 StB Loschwitz und OS Schönfeld-Weißig,16401,1881,0.11468812877263582
2007,"08 Blasewitz, Striesen",24714,2228,0.09015133122926276
2007,"09 Tolkewitz, Seidnitz, Gruna",21814,2425,0.11116714036857064
2007,10 StB Leuben,21661,2415,0.111490697567056
2007,"11 Prohlis, Reick (mit Sternhäuser, Am Koitschgraben)",14758,2028,0.13741699417265213
2007,"12 Niedersedlitz, Leubnitz, Strehlen (ohne Sternhäuser, Am Koitschgraben)",17569,2327,0.13244920029597587
2007,"13 Südvorstadt, Zschertnitz",14671,1047,0.07136527844046077
2007,"14 Mockritz, Coschütz, Plauen",12824,1332,0.10386774797255147
2007,"15 Cotta, Löbtau, Naußlitz, Dölzschen",22952,3971,0.17301324503311258
2007,16 Gorbitz,13291,1575,0.118501241441577
2007,17 Briesnitz und westliche OS,11416,1544,0.13524877365101612
2008,01 StB Altstadt ohne Johannstadt,18078,1735,0.09597300586348047
2008,02 Johannstadt,13173,915,0.069460259621954
2008,03 StB Neustadt ohne Leipziger Vorstadt,19071,2418,0.12678936605316973
2008,"04 Leipziger Vorstadt, Pieschen",19899,2908,0.14613799688426554
2008,"05 Mickten, Kaditz, Trachau",15676,1721,0.10978565960704262
2008,06 StB Klotzsche und nördliche OS,14963,1242,0.08300474503775981
2008,07 StB Loschwitz und OS Schönfeld-Weißig,16486,1831,0.11106393303408953
2008,"08 Blasewitz, Striesen",24865,2134,0.0858234466117032
2008,"09 Tolkewitz, Seidnitz, Gruna",21791,2207,0.10128034509659951
2008,10 StB Leuben,21723,2277,0.1048197762739953
2008,"11 Prohlis, Reick (mit Sternhäuser, Am Koitschgraben)",14772,2112,0.1429731925264013
2008,"12 Niedersedlitz, Leubnitz, Strehlen (ohne Sternhäuser, Am Koitschgraben)",17279,2008,0.11621042884426182
2008,"13 Südvorstadt, Zschertnitz",14564,832,0.057127162867344136
2008,"14 Mockritz, Coschütz, Plauen",12804,1200,0.09372071227741331
2008,"15 Cotta, Löbtau, Naußlitz, Dölzschen",22905,3663,0.1599214145383104
2008,16 Gorbitz,13089,1384,0.10573764229505692
2008,17 Briesnitz und westliche OS,11446,1425,0.12449764109732658
2009,01 StB Altstadt ohne Johannstadt,18098,1654,0.09139131395734336
2009,02 Johannstadt,13233,890,0.06725610216882037
2009,03 StB Neustadt ohne Leipziger Vorstadt,19093,2241,0.11737285916304405
2009,"04 Leipziger Vorstadt, Pieschen",19941,2465,0.12361466325660699
2009,"05 Mickten, Kaditz, Trachau",15694,1640,0.10449853447177265
2009,06 StB Klotzsche und nördliche OS,15003,1220,0.08131706991934946
2009,07 StB Loschwitz und OS Schönfeld-Weißig,16576,1758,0.10605694980694981
2009,"08 Blasewitz, Striesen",24858,1890,0.07603186097031137
2009,"09 Tolkewitz, Seidnitz, Gruna",21735,2191,0.10080515297906602
2009,10 StB Leuben,21616,1993,0.09220022205773501
2009,"11 Prohlis, Reick (mit Sternhäuser, Am Koitschgraben)",14790,2260,0.15280594996619337
2009,"12 Niedersedlitz, Leubnitz, Strehlen (ohne Sternhäuser, Am Koitschgraben)",17121,1863,0.10881373751533205
2009,"13 Südvorstadt, Zschertnitz",14696,820,0.0557974959172564
2009,"14 Mockritz, Coschütz, Plauen",12836,1142,0.08896852602056715
2009,"15 Cotta, Löbtau, Naußlitz, Dölzschen",22807,3261,0.14298241767878284
2009,16 Gorbitz,12865,1084,0.08425961912164788
2009,17 Briesnitz und westliche OS,11492,1353,0.11773407587887226
2010,01 StB Altstadt ohne Johannstadt,18085,1479,0.08178048106165331
2010,02 Johannstadt,13451,1089,0.08096052338116125
2010,03 StB Neustadt ohne Leipziger Vorstadt,19066,2016,0.10573796286583446
2010,"04 Leipziger Vorstadt, Pieschen",19946,2121,0.10633711019753334
2010,"05 Mickten, Kaditz, Trachau",15714,1622,0.10322005854651903
2010,06 StB Klotzsche und nördliche OS,15058,1240,0.08234825342010892
2010,07 StB Loschwitz und OS Schönfeld-Weißig,16655,1912,0.11480036025217652
2010,"08 Blasewitz, Striesen",24954,1875,0.07513825438807406
2010,"09 Tolkewitz, Seidnitz, Gruna",21675,2176,0.1003921568627451
2010,10 StB Leuben,21662,1922,0.08872680269596528
2010,"11 Prohlis, Reick (mit Sternhäuser, Am Koitschgraben)",14350,1655,0.11533101045296167
2010,"12 Niedersedlitz, Leubnitz, Strehlen (ohne Sternhäuser, Am Koitschgraben)",17213,1882,0.10933596700168477
2010,"13 Südvorstadt, Zschertnitz",14806,817,0.05518033229771714
2010,"14 Mockritz, Coschütz, Plauen",12848,1138,0.08857409713574096
2010,"15 Cotta, Löbtau, Naußlitz, Dölzschen",22846,3073,0.13450932329510637
2010,16 Gorbitz,12863,1045,0.08124076809453472
2010,17 Briesnitz und westliche OS,11550,1388,0.12017316017316017
2011,01 StB Altstadt ohne Johannstadt,18120,1334,0.07362030905077263
2011,02 Johannstadt,13530,1046,0.07730968218773097
2011,03 StB Neustadt ohne Leipziger Vorstadt,19278,1781,0.09238510218902375
2011,"04 Leipziger Vorstadt, Pieschen",19991,1900,0.09504276924616077
2011,"05 Mickten, Kaditz, Trachau",15768,1500,0.09512937595129375
2011,06 StB Klotzsche und nördliche OS,15096,1101,0.07293322734499205
2011,07 StB Loschwitz und OS Schönfeld-Weißig,16675,1717,0.10296851574212894
2011,"08 Blasewitz, Striesen",25077,1690,0.06739243131156039
2011,"09 Tolkewitz, Seidnitz, Gruna",21771,1950,0.08956869229709247
2011,10 StB Leuben,21646,1636,0.07557978379377252
2011,"11 Prohlis, Reick (mit Sternhäuser, Am Koitschgraben)",13997,1049,0.0749446309923555
2011,"12 Niedersedlitz, Leubnitz, Strehlen (ohne Sternhäuser, Am Koitschgraben)",16711,1184,0.07085153491712046
2011,"13 Südvorstadt, Zschertnitz",14815,684,0.04616942288221397
2011,"14 Mockritz, Coschütz, Plauen",12888,1018,0.07898820608317815
2011,"15 Cotta, Löbtau, Naußlitz, Dölzschen",22909,2762,0.12056397049194639
2011,16 Gorbitz,12863,954,0.07416621316955609
2011,17 Briesnitz und westliche OS,11605,1297,0.11176217147781128
2012,01 StB Altstadt ohne Johannstadt,18167,1327,0.0730445312930038
2012,02 Johannstadt,13497,939,0.06957101578128473
2012,03 StB Neustadt ohne Leipziger Vorstadt,19483,1543,0.07919724888364214
2012,"04 Leipziger Vorstadt, Pieschen",19939,1573,0.07889061637995888
2012,"05 Mickten, Kaditz, Trachau",15769,1344,0.08523051556852052
2012,06 StB Klotzsche und nördliche OS,15177,1195,0.07873756341833037
2012,07 StB Loschwitz und OS Schönfeld-Weißig,16724,1597,0.09549150920832336
2012,"08 Blasewitz, Striesen",25272,1614,0.06386514719848053
2012,"09 Tolkewitz, Seidnitz, Gruna",21371,1374,0.06429273314304432
2012,10 StB Leuben,21668,1598,0.07374930773490862
2012,"11 Prohlis, Reick (mit Sternhäuser, Am Koitschgraben)",13992,968,0.06918238993710692
2012,"12 Niedersedlitz, Leubnitz, Strehlen (ohne Sternhäuser, Am Koitschgraben)",16738,1111,0.0663759111004899
2012,"13 Südvorstadt, Zschertnitz",14934,733,0.04908263023972144
2012,"14 Mockritz, Coschütz, Plauen",12942,997,0.0770360067995673
2012,"15 Cotta, Löbtau, Naußlitz, Dölzschen",22942,2483,0.1082294481736553
2012,16 Gorbitz,12851,822,0.06396389386039997
2012,17 Briesnitz und westliche OS,11633,1181,0.10152153356829709
2013,01 StB Altstadt ohne Johannstadt,18324,1244,0.06788910718183802
2013,02 Johannstadt,13296,759,0.05708483754512635
2013,03 StB Neustadt ohne Leipziger Vorstadt,19570,1524,0.07787429739397037
2013,"04 Leipziger Vorstadt, Pieschen",19959,1439,0.07209780049100656
2013,"05 Mickten, Kaditz, Trachau",15788,1269,0.08037750190017735
2013,06 StB Klotzsche und nördliche OS,15258,1387,0.09090313278280246
2013,07 StB Loschwitz und OS Schönfeld-Weißig,16798,1726,0.10275032741993094
2013,"08 Blasewitz, Striesen",25541,1685,0.06597235816921812
2013,"09 Tolkewitz, Seidnitz, Gruna",21385,1300,0.060790273556231005
2013,10 StB Leuben,21687,1661,0.07658966200949878
2013,"11 Prohlis, Reick (mit Sternhäuser, Am Koitschgraben)",13988,930,0.06648555905061482
2013,"12 Niedersedlitz, Leubnitz, Strehlen (ohne Sternhäuser, Am Koitschgraben)",16821,1152,0.06848582129481005
2013,"13 Südvorstadt, Zschertnitz",14915,645,0.043245055313442846
2013,"14 Mockritz, Coschütz, Plauen",12946,992,0.07662598486018847
2013,"15 Cotta, Löbtau, Naußlitz, Dölzschen",23000,2454,0.10669565217391304
2013,16 Gorbitz,12852,822,0.06395891690009337
2013,17 Briesnitz und westliche OS,11717,1266,0.10804813518818811
2014,01 StB Altstadt ohne Johannstadt,18329,1104,0.060232418571662394
2014,02 Johannstadt,13310,572,0.04297520661157025
2014,03 StB Neustadt ohne Leipziger Vorstadt,19529,1367,0.06999846382303242
2014,"04 Leipziger Vorstadt, Pieschen",19842,1321,0.06657595000503981
2014,"05 Mickten, Kaditz, Trachau",15747,1160,0.07366482504604052
2014,06 StB Klotzsche und nördliche OS,15349,1362,0.08873542250309466
2014,07 StB Loschwitz und OS Schönfeld-Weißig,16751,1687,0.1007104053489344
2014,"08 Blasewitz, Striesen",25578,1485,0.058057705840957076
2014,"09 Tolkewitz, Seidnitz, Gruna",21318,1005,0.04714325921756262
2014,10 StB Leuben,21671,1468,0.06774029809422731
2014,"11 Prohlis, Reick (mit Sternhäuser, Am Koitschgraben)",13986,801,0.05727155727155727
2014,"12 Niedersedlitz, Leubnitz, Strehlen (ohne Sternhäuser, Am Koitschgraben)",16855,1068,0.06336398694749333
2014,"13 Südvorstadt, Zschertnitz",15060,554,0.03678618857901726
2014,"14 Mockritz, Coschütz, Plauen",12998,944,0.07262655793198954
2014,"15 Cotta, Löbtau, Naußlitz, Dölzschen",23069,2265,0.09818370974034418
2014,16 Gorbitz,12845,721,0.0561307901907357
2014,17 Briesnitz und westliche OS,11685,1116,0.09550706033376123
2015,01 StB Altstadt ohne Johannstadt,18684,1172,0.06272746735174481
2015,02 Johannstadt,13417,470,0.03503018558545129
2015,03 StB Neustadt ohne Leipziger Vorstadt,19703,1346,0.0683144698776836
2015,"04 Leipziger Vorstadt, Pieschen",19893,1268,0.06374101442718544
2015,"05 Mickten, Kaditz, Trachau",15677,1041,0.06640301078012374
2015,06 StB Klotzsche und nördliche OS,15369,1267,0.08243867525538422
2015,07 StB Loschwitz und OS Schönfeld-Weißig,16830,1624,0.09649435531788474
2015,"08 Blasewitz, Striesen",25967,1563,0.06019178187699773
2015,"09 Tolkewitz, Seidnitz, Gruna",21330,936,0.04388185654008439
2015,10 StB Leuben,21702,1380,0.06358860934476085
2015,"11 Prohlis, Reick (mit Sternhäuser, Am Koitschgraben)",13989,759,0.054256916148402314
2015,"12 Niedersedlitz, Leubnitz, Strehlen (ohne Sternhäuser, Am Koitschgraben)",16918,1026,0.06064546636718288
2015,"13 Südvorstadt, Zschertnitz",15106,582,0.038527737322918046
2015,"14 Mockritz, Coschütz, Plauen",12986,897,0.06907438780224857
2015,"15 Cotta, Löbtau, Naußlitz, Dölzschen",23167,2059,0.0888764190443303
2015,16 Gorbitz,12839,774,0.06028506893060207
2015,17 Briesnitz und westliche OS,11701,1070,0.09144517562601487
2016,01 StB Altstadt ohne Johannstadt,19461,1458,0.07491906890704486
2016,02 Johannstadt,13422,394,0.029354790642229175
2016,03 StB Neustadt ohne Leipziger Vorstadt,20040,1469,0.07330339321357285
2016,"04 Leipziger Vorstadt, Pieschen",19975,1237,0.06192740926157697
2016,"05 Mickten, Kaditz, Trachau",15691,1042,0.0664074947422089
2016,06 StB Klotzsche und nördliche OS,15440,1193,0.07726683937823835
2016,07 StB Loschwitz und OS Schönfeld-Weißig,16792,1511,0.08998332539304431
2016,"08 Blasewitz, Striesen",26407,1593,0.06032491384860075
2016,"09 Tolkewitz, Seidnitz, Gruna",21409,928,0.0433462562473726
2016,10 StB Leuben,21711,1427,0.06572705080374004
2016,"11 Prohlis, Reick (mit Sternhäuser, Am Koitschgraben)",13908,632,0.0454414725337935
2016,"12 Niedersedlitz, Leubnitz, Strehlen (ohne Sternhäuser, Am Koitschgraben)",16956,998,0.05885822127860344
2016,"13 Südvorstadt, Zschertnitz",15197,625,0.041126538132526154
2016,"14 Mockritz, Coschütz, Plauen",13058,922,0.07060805636391485
2016,"15 Cotta, Löbtau, Naußlitz, Dölzschen",23245,1816,0.07812432781243278
2016,16 Gorbitz,12848,769,0.05985367372353674
2016,17 Briesnitz und westliche OS,11762,1070,0.09097092331236184
2017,01 StB Altstadt ohne Johannstadt,19549,1307,0.06685763977697069
2017,02 Johannstadt,13477,409,0.030348000296801958
2017,03 StB Neustadt ohne Leipziger Vorstadt,20173,1433,0.07103554255688296
2017,"04 Leipziger Vorstadt, Pieschen",20119,1269,0.06307470550226155
2017,"05 Mickten, Kaditz, Trachau",15704,1002,0.06380539989811514
2017,06 StB Klotzsche und nördliche OS,15525,1053,0.06782608695652174
2017,07 StB Loschwitz und OS Schönfeld-Weißig,16793,1503,0.08950157803846841
2017,"08 Blasewitz, Striesen",26674,1472,0.055184824173352326
2017,"09 Tolkewitz, Seidnitz, Gruna",21528,957,0.044453734671125976
2017,10 StB Leuben,21782,1511,0.06936920392985034
2017,"11 Prohlis, Reick (mit Sternhäuser, Am Koitschgraben)",13919,653,0.046914289819670954
2017,"12 Niedersedlitz, Leubnitz, Strehlen (ohne Sternhäuser, Am Koitschgraben)",17040,1028,0.06032863849765258
2017,"13 Südvorstadt, Zschertnitz",15321,579,0.03779126688858429
2017,"14 Mockritz, Coschütz, Plauen",13082,926,0.07078428374866229
2017,"15 Cotta, Löbtau, Naußlitz, Dölzschen",23366,1697,0.07262689377728324
2017,16 Gorbitz,12869,728,0.05657005206309736
2017,17 Briesnitz und westliche OS,11840,1144,0.09662162162162162
