Jahr,Stadtraum,Anteil_Haushalte_ohne_Kinder
1999,01 StB Altstadt ohne Johannstadt,0.8756653992395437
1999,02 Johannstadt,0.8366447751267769
1999,03 StB Neustadt ohne Leipziger Vorstadt,0.8045805856909878
1999,"04 Leipziger Vorstadt, Pieschen",0.7967497291440954
1999,"05 Mickten, Kaditz, Trachau",0.7787191627211563
1999,06 StB Klotzsche und nördliche OS,0.7186976298779028
1999,07 StB Loschwitz und OS Schönfeld-Weißig,0.7432663864237895
1999,"08 Blasewitz, Striesen",0.7816774467182696
1999,"09 Tolkewitz, Seidnitz, Gruna",0.8072160546541418
1999,10 StB Leuben,0.7924508069272425
1999,"11 Prohlis, Reick (mit Sternhäuser, Am Koitschgraben)",0.779056133665543
1999,"12 Niedersedlitz, Leubnitz, Strehlen (ohne Sternhäuser, Am Koitschgraben)",0.7441149088974598
1999,"13 Südvorstadt, Zschertnitz",0.8318266832917706
1999,"14 Mockritz, Coschütz, Plauen",0.7609756097560976
1999,"15 Cotta, Löbtau, Naußlitz, Dölzschen",0.7823212536728698
1999,16 Gorbitz,0.7218702381907129
1999,17 Briesnitz und westliche OS,0.714943032427695
2000,01 StB Altstadt ohne Johannstadt,0.8809122716081379
2000,02 Johannstadt,0.8457853601142953
2000,03 StB Neustadt ohne Leipziger Vorstadt,0.8187800223728368
2000,"04 Leipziger Vorstadt, Pieschen",0.8024606502165097
2000,"05 Mickten, Kaditz, Trachau",0.7820109976433621
2000,06 StB Klotzsche und nördliche OS,0.7263223591823997
2000,07 StB Loschwitz und OS Schönfeld-Weißig,0.7506255212677231
2000,"08 Blasewitz, Striesen",0.784597284180597
2000,"09 Tolkewitz, Seidnitz, Gruna",0.8129797627355199
2000,10 StB Leuben,0.7983862291554599
2000,"11 Prohlis, Reick (mit Sternhäuser, Am Koitschgraben)",0.7961598746081505
2000,"12 Niedersedlitz, Leubnitz, Strehlen (ohne Sternhäuser, Am Koitschgraben)",0.7522292158405455
2000,"13 Südvorstadt, Zschertnitz",0.8421587004061231
2000,"14 Mockritz, Coschütz, Plauen",0.7760835412623602
2000,"15 Cotta, Löbtau, Naußlitz, Dölzschen",0.7858967504307016
2000,16 Gorbitz,0.7461695607763024
2000,17 Briesnitz und westliche OS,0.7177620858229223
2001,01 StB Altstadt ohne Johannstadt,0.8887122416534181
2001,02 Johannstadt,0.8524452646590052
2001,03 StB Neustadt ohne Leipziger Vorstadt,0.8267582556087724
2001,"04 Leipziger Vorstadt, Pieschen",0.8066894917039769
2001,"05 Mickten, Kaditz, Trachau",0.7851693622215441
2001,06 StB Klotzsche und nördliche OS,0.734784950373163
2001,07 StB Loschwitz und OS Schönfeld-Weißig,0.7531127974655566
2001,"08 Blasewitz, Striesen",0.790346058130253
2001,"09 Tolkewitz, Seidnitz, Gruna",0.8168681171098576
2001,10 StB Leuben,0.8002472055030094
2001,"11 Prohlis, Reick (mit Sternhäuser, Am Koitschgraben)",0.8121591926426304
2001,"12 Niedersedlitz, Leubnitz, Strehlen (ohne Sternhäuser, Am Koitschgraben)",0.7591903362716291
2001,"13 Südvorstadt, Zschertnitz",0.8474801061007957
2001,"14 Mockritz, Coschütz, Plauen",0.7857078489681896
2001,"15 Cotta, Löbtau, Naußlitz, Dölzschen",0.7945394850527043
2001,16 Gorbitz,0.7751089760697447
2001,17 Briesnitz und westliche OS,0.7281120662209487
2002,01 StB Altstadt ohne Johannstadt,0.8933050228916463
2002,02 Johannstadt,0.8599535115391002
2002,03 StB Neustadt ohne Leipziger Vorstadt,0.8346370747680553
2002,"04 Leipziger Vorstadt, Pieschen",0.8162526526026713
2002,"05 Mickten, Kaditz, Trachau",0.7916666666666666
2002,06 StB Klotzsche und nördliche OS,0.7413007141771767
2002,07 StB Loschwitz und OS Schönfeld-Weißig,0.7594356774052796
2002,"08 Blasewitz, Striesen",0.795344193855788
2002,"09 Tolkewitz, Seidnitz, Gruna",0.8202103240271179
2002,10 StB Leuben,0.8071099050203527
2002,"11 Prohlis, Reick (mit Sternhäuser, Am Koitschgraben)",0.8231159064901096
2002,"12 Niedersedlitz, Leubnitz, Strehlen (ohne Sternhäuser, Am Koitschgraben)",0.7691461836998706
2002,"13 Südvorstadt, Zschertnitz",0.8497444893600793
2002,"14 Mockritz, Coschütz, Plauen",0.7895664434261543
2002,"15 Cotta, Löbtau, Naußlitz, Dölzschen",0.7980430528375734
2002,16 Gorbitz,0.7981451172940535
2002,17 Briesnitz und westliche OS,0.7390438247011952
2003,01 StB Altstadt ohne Johannstadt,0.8964804692707639
2003,02 Johannstadt,0.8612654448959284
2003,03 StB Neustadt ohne Leipziger Vorstadt,0.834683858756728
2003,"04 Leipziger Vorstadt, Pieschen",0.8175329428989752
2003,"05 Mickten, Kaditz, Trachau",0.7940563086548488
2003,06 StB Klotzsche und nördliche OS,0.7449233788782366
2003,07 StB Loschwitz und OS Schönfeld-Weißig,0.7583834286955892
2003,"08 Blasewitz, Striesen",0.7956791232482933
2003,"09 Tolkewitz, Seidnitz, Gruna",0.8245076817485877
2003,10 StB Leuben,0.812987571958896
2003,"11 Prohlis, Reick (mit Sternhäuser, Am Koitschgraben)",0.831577200696922
2003,"12 Niedersedlitz, Leubnitz, Strehlen (ohne Sternhäuser, Am Koitschgraben)",0.7767834148853979
2003,"13 Südvorstadt, Zschertnitz",0.8555682250095021
2003,"14 Mockritz, Coschütz, Plauen",0.7932173913043479
2003,"15 Cotta, Löbtau, Naußlitz, Dölzschen",0.8014983321485208
2003,16 Gorbitz,0.8207682642254532
2003,17 Briesnitz und westliche OS,0.7506823430610959
2004,01 StB Altstadt ohne Johannstadt,0.8998046875
2004,02 Johannstadt,0.8657806218721799
2004,03 StB Neustadt ohne Leipziger Vorstadt,0.8387133765265753
2004,"04 Leipziger Vorstadt, Pieschen",0.8179067283730865
2004,"05 Mickten, Kaditz, Trachau",0.8009478672985783
2004,06 StB Klotzsche und nördliche OS,0.7543950745493658
2004,07 StB Loschwitz und OS Schönfeld-Weißig,0.7618268478338195
2004,"08 Blasewitz, Striesen",0.8008099661046794
2004,"09 Tolkewitz, Seidnitz, Gruna",0.828744896891029
2004,10 StB Leuben,0.814757837780489
2004,"11 Prohlis, Reick (mit Sternhäuser, Am Koitschgraben)",0.841899208663057
2004,"12 Niedersedlitz, Leubnitz, Strehlen (ohne Sternhäuser, Am Koitschgraben)",0.7837907155680944
2004,"13 Südvorstadt, Zschertnitz",0.8636363636363636
2004,"14 Mockritz, Coschütz, Plauen",0.8024649383765405
2004,"15 Cotta, Löbtau, Naußlitz, Dölzschen",0.8099296825058598
2004,16 Gorbitz,0.8380214229730907
2004,17 Briesnitz und westliche OS,0.759165022328383
2005,01 StB Altstadt ohne Johannstadt,0.9095731402895657
2005,02 Johannstadt,0.8704859739233505
2005,03 StB Neustadt ohne Leipziger Vorstadt,0.84423828125
2005,"04 Leipziger Vorstadt, Pieschen",0.8246738513896766
2005,"05 Mickten, Kaditz, Trachau",0.8082682524897901
2005,06 StB Klotzsche und nördliche OS,0.76960748483298
2005,07 StB Loschwitz und OS Schönfeld-Weißig,0.7698666296193387
2005,"08 Blasewitz, Striesen",0.8091881902961021
2005,"09 Tolkewitz, Seidnitz, Gruna",0.836285451008498
2005,10 StB Leuben,0.8218868699312185
2005,"11 Prohlis, Reick (mit Sternhäuser, Am Koitschgraben)",0.8548032265949645
2005,"12 Niedersedlitz, Leubnitz, Strehlen (ohne Sternhäuser, Am Koitschgraben)",0.794052794052794
2005,"13 Südvorstadt, Zschertnitz",0.8734926864074206
2005,"14 Mockritz, Coschütz, Plauen",0.8111193844626459
2005,"15 Cotta, Löbtau, Naußlitz, Dölzschen",0.8240509554140127
2005,16 Gorbitz,0.8571790754669145
2005,17 Briesnitz und westliche OS,0.768912231087769
2006,01 StB Altstadt ohne Johannstadt,0.9147248078965453
2006,02 Johannstadt,0.8751462216330032
2006,03 StB Neustadt ohne Leipziger Vorstadt,0.8451534133135152
2006,"04 Leipziger Vorstadt, Pieschen",0.8303853617965068
2006,"05 Mickten, Kaditz, Trachau",0.8116094616410472
2006,06 StB Klotzsche und nördliche OS,0.778029197080292
2006,07 StB Loschwitz und OS Schönfeld-Weißig,0.7741022099447514
2006,"08 Blasewitz, Striesen",0.8104745617785378
2006,"09 Tolkewitz, Seidnitz, Gruna",0.8398299078667611
2006,10 StB Leuben,0.8252654035658048
2006,"11 Prohlis, Reick (mit Sternhäuser, Am Koitschgraben)",0.8605350641127117
2006,"12 Niedersedlitz, Leubnitz, Strehlen (ohne Sternhäuser, Am Koitschgraben)",0.8004780475531513
2006,"13 Südvorstadt, Zschertnitz",0.8791748526522594
2006,"14 Mockritz, Coschütz, Plauen",0.8204202232435982
2006,"15 Cotta, Löbtau, Naußlitz, Dölzschen",0.8287196368896205
2006,16 Gorbitz,0.8665437169922039
2006,17 Briesnitz und westliche OS,0.7792012811530378
2007,01 StB Altstadt ohne Johannstadt,0.9176054650047939
2007,02 Johannstadt,0.8785964912280702
2007,03 StB Neustadt ohne Leipziger Vorstadt,0.841055780028336
2007,"04 Leipziger Vorstadt, Pieschen",0.8315355845845304
2007,"05 Mickten, Kaditz, Trachau",0.8143988976920428
2007,06 StB Klotzsche und nördliche OS,0.7861868411486732
2007,07 StB Loschwitz und OS Schönfeld-Weißig,0.7783695206882425
2007,"08 Blasewitz, Striesen",0.8079899074852818
2007,"09 Tolkewitz, Seidnitz, Gruna",0.8452037055483614
2007,10 StB Leuben,0.828500832030659
2007,"11 Prohlis, Reick (mit Sternhäuser, Am Koitschgraben)",0.8604957397366383
2007,"12 Niedersedlitz, Leubnitz, Strehlen (ohne Sternhäuser, Am Koitschgraben)",0.8056619170171364
2007,"13 Südvorstadt, Zschertnitz",0.8826714801444043
2007,"14 Mockritz, Coschütz, Plauen",0.8241021025934713
2007,"15 Cotta, Löbtau, Naußlitz, Dölzschen",0.83265605875153
2007,16 Gorbitz,0.8680953567572057
2007,17 Briesnitz und westliche OS,0.7875930521091812
2008,01 StB Altstadt ohne Johannstadt,0.9188619599578504
2008,02 Johannstadt,0.8827069989968361
2008,03 StB Neustadt ohne Leipziger Vorstadt,0.8415286359624072
2008,"04 Leipziger Vorstadt, Pieschen",0.8302524558994402
2008,"05 Mickten, Kaditz, Trachau",0.8174447672454563
2008,06 StB Klotzsche und nördliche OS,0.794251134644478
2008,07 StB Loschwitz und OS Schönfeld-Weißig,0.7787291879034999
2008,"08 Blasewitz, Striesen",0.810494416538669
2008,"09 Tolkewitz, Seidnitz, Gruna",0.8491355957247697
2008,10 StB Leuben,0.8294546544147023
2008,"11 Prohlis, Reick (mit Sternhäuser, Am Koitschgraben)",0.8624844527363185
2008,"12 Niedersedlitz, Leubnitz, Strehlen (ohne Sternhäuser, Am Koitschgraben)",0.8106003986048829
2008,"13 Südvorstadt, Zschertnitz",0.8839084386744107
2008,"14 Mockritz, Coschütz, Plauen",0.8283317199096483
2008,"15 Cotta, Löbtau, Naußlitz, Dölzschen",0.8344111969111969
2008,16 Gorbitz,0.8775458888609504
2008,17 Briesnitz und westliche OS,0.79701230228471
2009,01 StB Altstadt ohne Johannstadt,0.9204728023869635
2009,02 Johannstadt,0.8853645392254985
2009,03 StB Neustadt ohne Leipziger Vorstadt,0.8389128778257556
2009,"04 Leipziger Vorstadt, Pieschen",0.8301330895052321
2009,"05 Mickten, Kaditz, Trachau",0.8108017668317494
2009,06 StB Klotzsche und nördliche OS,0.7928107838242636
2009,07 StB Loschwitz und OS Schönfeld-Weißig,0.7795333826396826
2009,"08 Blasewitz, Striesen",0.8065714285714286
2009,"09 Tolkewitz, Seidnitz, Gruna",0.8459158111891547
2009,10 StB Leuben,0.828160521893842
2009,"11 Prohlis, Reick (mit Sternhäuser, Am Koitschgraben)",0.8624695815998116
2009,"12 Niedersedlitz, Leubnitz, Strehlen (ohne Sternhäuser, Am Koitschgraben)",0.8095860566448801
2009,"13 Südvorstadt, Zschertnitz",0.8812806887737943
2009,"14 Mockritz, Coschütz, Plauen",0.8255665496329396
2009,"15 Cotta, Löbtau, Naußlitz, Dölzschen",0.8359085145352932
2009,16 Gorbitz,0.8742070116861436
2009,17 Briesnitz und westliche OS,0.7931599229287091
2010,01 StB Altstadt ohne Johannstadt,0.9168031629483196
2010,02 Johannstadt,0.886945229547017
2010,03 StB Neustadt ohne Leipziger Vorstadt,0.8357075495110935
2010,"04 Leipziger Vorstadt, Pieschen",0.8229698260912649
2010,"05 Mickten, Kaditz, Trachau",0.8058819624244838
2010,06 StB Klotzsche und nördliche OS,0.7885309734513274
2010,07 StB Loschwitz und OS Schönfeld-Weißig,0.7764886310595452
2010,"08 Blasewitz, Striesen",0.8005822416302766
2010,"09 Tolkewitz, Seidnitz, Gruna",0.8403377847604084
2010,10 StB Leuben,0.8237769080234834
2010,"11 Prohlis, Reick (mit Sternhäuser, Am Koitschgraben)",0.8586745396628078
2010,"12 Niedersedlitz, Leubnitz, Strehlen (ohne Sternhäuser, Am Koitschgraben)",0.8072340948169983
2010,"13 Südvorstadt, Zschertnitz",0.8755904464107511
2010,"14 Mockritz, Coschütz, Plauen",0.8214849921011058
2010,"15 Cotta, Löbtau, Naußlitz, Dölzschen",0.8326781667668686
2010,16 Gorbitz,0.8677424721344202
2010,17 Briesnitz und westliche OS,0.788538681948424
2011,01 StB Altstadt ohne Johannstadt,0.9145087690362307
2011,02 Johannstadt,0.8825167456912771
2011,03 StB Neustadt ohne Leipziger Vorstadt,0.8305847076461769
2011,"04 Leipziger Vorstadt, Pieschen",0.8176115802171291
2011,"05 Mickten, Kaditz, Trachau",0.8057474260393588
2011,06 StB Klotzsche und nördliche OS,0.7825112107623319
2011,07 StB Loschwitz und OS Schönfeld-Weißig,0.7731386668428354
2011,"08 Blasewitz, Striesen",0.79857518108732
2011,"09 Tolkewitz, Seidnitz, Gruna",0.8359747579363168
2011,10 StB Leuben,0.8199758162031439
2011,"11 Prohlis, Reick (mit Sternhäuser, Am Koitschgraben)",0.8605641298563066
2011,"12 Niedersedlitz, Leubnitz, Strehlen (ohne Sternhäuser, Am Koitschgraben)",0.8046618914653393
2011,"13 Südvorstadt, Zschertnitz",0.8742154811715481
2011,"14 Mockritz, Coschütz, Plauen",0.8160678177010422
2011,"15 Cotta, Löbtau, Naußlitz, Dölzschen",0.8316666666666667
2011,16 Gorbitz,0.8656814992157187
2011,17 Briesnitz und westliche OS,0.7864553857762686
2012,01 StB Altstadt ohne Johannstadt,0.9137364442983897
2012,02 Johannstadt,0.8806149231346082
2012,03 StB Neustadt ohne Leipziger Vorstadt,0.8268876611418048
2012,"04 Leipziger Vorstadt, Pieschen",0.8136740004731488
2012,"05 Mickten, Kaditz, Trachau",0.800282740007711
2012,06 StB Klotzsche und nördliche OS,0.7763940390400895
2012,07 StB Loschwitz und OS Schönfeld-Weißig,0.7682815356489945
2012,"08 Blasewitz, Striesen",0.7955133735979293
2012,"09 Tolkewitz, Seidnitz, Gruna",0.8317058066974706
2012,10 StB Leuben,0.8166056636486226
2012,"11 Prohlis, Reick (mit Sternhäuser, Am Koitschgraben)",0.8571105072463768
2012,"12 Niedersedlitz, Leubnitz, Strehlen (ohne Sternhäuser, Am Koitschgraben)",0.8020368808002892
2012,"13 Südvorstadt, Zschertnitz",0.8728169837044731
2012,"14 Mockritz, Coschütz, Plauen",0.8106348345089528
2012,"15 Cotta, Löbtau, Naußlitz, Dölzschen",0.8299403841907705
2012,16 Gorbitz,0.860699755899105
2012,17 Briesnitz und westliche OS,0.7816315205327414
2013,01 StB Altstadt ohne Johannstadt,0.9101475915013245
2013,02 Johannstadt,0.8763977485928706
2013,03 StB Neustadt ohne Leipziger Vorstadt,0.8224272799662747
2013,"04 Leipziger Vorstadt, Pieschen",0.8083796015490132
2013,"05 Mickten, Kaditz, Trachau",0.7954545454545454
2013,06 StB Klotzsche und nördliche OS,0.7707310228707731
2013,07 StB Loschwitz und OS Schönfeld-Weißig,0.7626105044201769
2013,"08 Blasewitz, Striesen",0.79184532626491
2013,"09 Tolkewitz, Seidnitz, Gruna",0.8288241415192508
2013,10 StB Leuben,0.8141494895010595
2013,"11 Prohlis, Reick (mit Sternhäuser, Am Koitschgraben)",0.8510462761569039
2013,"12 Niedersedlitz, Leubnitz, Strehlen (ohne Sternhäuser, Am Koitschgraben)",0.7948810382119683
2013,"13 Südvorstadt, Zschertnitz",0.8694204290746077
2013,"14 Mockritz, Coschütz, Plauen",0.8076804915514593
2013,"15 Cotta, Löbtau, Naußlitz, Dölzschen",0.825198438801912
2013,16 Gorbitz,0.8553798999838683
2013,17 Briesnitz und westliche OS,0.7769711450101084
2014,01 StB Altstadt ohne Johannstadt,0.9046476921436947
2014,02 Johannstadt,0.8753497275806215
2014,03 StB Neustadt ohne Leipziger Vorstadt,0.8155312717972565
2014,"04 Leipziger Vorstadt, Pieschen",0.8040831442988751
2014,"05 Mickten, Kaditz, Trachau",0.7924647575700108
2014,06 StB Klotzsche und nördliche OS,0.7689904179975003
2014,07 StB Loschwitz und OS Schönfeld-Weißig,0.7596346913660211
2014,"08 Blasewitz, Striesen",0.7890937019969279
2014,"09 Tolkewitz, Seidnitz, Gruna",0.8258799365138643
2014,10 StB Leuben,0.8118505100581561
2014,"11 Prohlis, Reick (mit Sternhäuser, Am Koitschgraben)",0.8505831979920272
2014,"12 Niedersedlitz, Leubnitz, Strehlen (ohne Sternhäuser, Am Koitschgraben)",0.7942084025634939
2014,"13 Südvorstadt, Zschertnitz",0.8647201643528606
2014,"14 Mockritz, Coschütz, Plauen",0.8063732928679818
2014,"15 Cotta, Löbtau, Naußlitz, Dölzschen",0.8198666953343366
2014,16 Gorbitz,0.8543697076210257
2014,17 Briesnitz und westliche OS,0.7749434644957033
2015,01 StB Altstadt ohne Johannstadt,0.9019277362266933
2015,02 Johannstadt,0.8705473501303215
2015,03 StB Neustadt ohne Leipziger Vorstadt,0.8107086904432771
2015,"04 Leipziger Vorstadt, Pieschen",0.7980279603740394
2015,"05 Mickten, Kaditz, Trachau",0.7875899507637925
2015,06 StB Klotzsche und nördliche OS,0.768051912191081
2015,07 StB Loschwitz und OS Schönfeld-Weißig,0.7573675762439808
2015,"08 Blasewitz, Striesen",0.7879156374691241
2015,"09 Tolkewitz, Seidnitz, Gruna",0.822814856185423
2015,10 StB Leuben,0.8101944049312471
2015,"11 Prohlis, Reick (mit Sternhäuser, Am Koitschgraben)",0.8481364867833345
2015,"12 Niedersedlitz, Leubnitz, Strehlen (ohne Sternhäuser, Am Koitschgraben)",0.7926391910165207
2015,"13 Südvorstadt, Zschertnitz",0.8588704650292981
2015,"14 Mockritz, Coschütz, Plauen",0.8023317435082141
2015,"15 Cotta, Löbtau, Naußlitz, Dölzschen",0.8172070353888535
2015,16 Gorbitz,0.8502170767004341
2015,17 Briesnitz und westliche OS,0.770366369610226
2016,01 StB Altstadt ohne Johannstadt,0.8945510360706063
2016,02 Johannstadt,0.8648395239812477
2016,03 StB Neustadt ohne Leipziger Vorstadt,0.8064842027920647
2016,"04 Leipziger Vorstadt, Pieschen",0.7964157375840781
2016,"05 Mickten, Kaditz, Trachau",0.787888355645365
2016,06 StB Klotzsche und nördliche OS,0.7622607860621442
2016,07 StB Loschwitz und OS Schönfeld-Weißig,0.7553901927113147
2016,"08 Blasewitz, Striesen",0.7839466886301524
2016,"09 Tolkewitz, Seidnitz, Gruna",0.8208269525267994
2016,10 StB Leuben,0.807282036694638
2016,"11 Prohlis, Reick (mit Sternhäuser, Am Koitschgraben)",0.8422745212688203
2016,"12 Niedersedlitz, Leubnitz, Strehlen (ohne Sternhäuser, Am Koitschgraben)",0.7895168855534709
2016,"13 Südvorstadt, Zschertnitz",0.8526393868216096
2016,"14 Mockritz, Coschütz, Plauen",0.7998938026245923
2016,"15 Cotta, Löbtau, Naußlitz, Dölzschen",0.8130245048674052
2016,16 Gorbitz,0.8453312051077414
2016,17 Briesnitz und westliche OS,0.7690930253379891
2017,01 StB Altstadt ohne Johannstadt,0.8934265452899461
2017,02 Johannstadt,0.857400461627236
2017,03 StB Neustadt ohne Leipziger Vorstadt,0.7982706282770674
2017,"04 Leipziger Vorstadt, Pieschen",0.7908451675168896
2017,"05 Mickten, Kaditz, Trachau",0.7879208170470307
2017,06 StB Klotzsche und nördliche OS,0.7605186736003242
2017,07 StB Loschwitz und OS Schönfeld-Weißig,0.7536509151202092
2017,"08 Blasewitz, Striesen",0.7793477458865196
2017,"09 Tolkewitz, Seidnitz, Gruna",0.819206429858192
2017,10 StB Leuben,0.8086056231003039
2017,"11 Prohlis, Reick (mit Sternhäuser, Am Koitschgraben)",0.8423028785982478
2017,"12 Niedersedlitz, Leubnitz, Strehlen (ohne Sternhäuser, Am Koitschgraben)",0.7880278802788028
2017,"13 Südvorstadt, Zschertnitz",0.8450634783680513
2017,"14 Mockritz, Coschütz, Plauen",0.7992467043314501
2017,"15 Cotta, Löbtau, Naußlitz, Dölzschen",0.8128548340309146
2017,16 Gorbitz,0.8424750499001996
2017,17 Briesnitz und westliche OS,0.7678635226866738
2018,01 StB Altstadt ohne Johannstadt,0.888041216684831
2018,02 Johannstadt,0.8515037593984962
2018,03 StB Neustadt ohne Leipziger Vorstadt,0.7930409737062157
2018,"04 Leipziger Vorstadt, Pieschen",0.7909604519774012
2018,"05 Mickten, Kaditz, Trachau",0.7863452801615346
2018,06 StB Klotzsche und nördliche OS,0.7584762933945698
2018,07 StB Loschwitz und OS Schönfeld-Weißig,0.7545240967680488
2018,"08 Blasewitz, Striesen",0.7774249529224975
2018,"09 Tolkewitz, Seidnitz, Gruna",0.8176787873151679
2018,10 StB Leuben,0.806990809086147
2018,"11 Prohlis, Reick (mit Sternhäuser, Am Koitschgraben)",0.8402999480288069
2018,"12 Niedersedlitz, Leubnitz, Strehlen (ohne Sternhäuser, Am Koitschgraben)",0.7895813844714686
2018,"13 Südvorstadt, Zschertnitz",0.8377236580516899
2018,"14 Mockritz, Coschütz, Plauen",0.7958889563106796
2018,"15 Cotta, Löbtau, Naußlitz, Dölzschen",0.8104507346227277
2018,16 Gorbitz,0.8391033822590938
2018,17 Briesnitz und westliche OS,0.7683455784721608
