Jahr,Stadtraum,Fälle erfasst,Fälle aufgeklärt,Tatverdächtige insgesamt
2002,01 StB Altstadt ohne Johannstadt,6718,3461,3270
2002,02 Johannstadt,1524,549,545
2002,03 StB Neustadt ohne Leipziger Vorstadt,5262,2204,1801
2002,"04 Leipziger Vorstadt, Pieschen",3567,1883,1647
2002,"05 Mickten, Kaditz, Trachau",2553,1412,1339
2002,06 StB Klotzsche und nördliche OS,1506,702,659
2002,07 StB Loschwitz und OS Schönfeld-Weißig,1435,793,645
2002,"08 Blasewitz, Striesen",3071,1597,1333
2002,"09 Tolkewitz, Seidnitz, Gruna",2613,1522,1207
2002,10 StB Leuben,1986,1065,845
2002,"11 Prohlis, Reick (mit Sternhäuser, Am Koitschgraben)",2480,1364,1285
2002,"12 Niedersedlitz, Leubnitz, Strehlen (ohne Sternhäuser, Am Koitschgraben)",2485,1518,1315
2002,"13 Südvorstadt, Zschertnitz",2485,1007,955
2002,"14 Mockritz, Coschütz, Plauen",1496,767,704
2002,"15 Cotta, Löbtau, Naußlitz, Dölzschen",3082,1577,1456
2002,16 Gorbitz,1695,860,747
2002,17 Briesnitz und westliche OS,1256,716,714
2003,01 StB Altstadt ohne Johannstadt,7803,4324,3984
2003,02 Johannstadt,1612,684,652
2003,03 StB Neustadt ohne Leipziger Vorstadt,5914,2475,2081
2003,"04 Leipziger Vorstadt, Pieschen",3690,1800,1606
2003,"05 Mickten, Kaditz, Trachau",2585,1228,1191
2003,06 StB Klotzsche und nördliche OS,1830,806,689
2003,07 StB Loschwitz und OS Schönfeld-Weißig,1422,765,699
2003,"08 Blasewitz, Striesen",2998,1537,1422
2003,"09 Tolkewitz, Seidnitz, Gruna",2483,1340,1143
2003,10 StB Leuben,1967,1046,924
2003,"11 Prohlis, Reick (mit Sternhäuser, Am Koitschgraben)",2952,1742,1527
2003,"12 Niedersedlitz, Leubnitz, Strehlen (ohne Sternhäuser, Am Koitschgraben)",2785,1674,1464
2003,"13 Südvorstadt, Zschertnitz",2975,1357,1278
2003,"14 Mockritz, Coschütz, Plauen",1470,704,687
2003,"15 Cotta, Löbtau, Naußlitz, Dölzschen",3282,1705,1566
2003,16 Gorbitz,1638,802,752
2003,17 Briesnitz und westliche OS,1342,695,613
2004,01 StB Altstadt ohne Johannstadt,7694,3708,3415
2004,02 Johannstadt,1842,639,505
2004,03 StB Neustadt ohne Leipziger Vorstadt,5469,2465,1944
2004,"04 Leipziger Vorstadt, Pieschen",3944,1799,1476
2004,"05 Mickten, Kaditz, Trachau",2599,1257,1146
2004,06 StB Klotzsche und nördliche OS,1606,691,648
2004,07 StB Loschwitz und OS Schönfeld-Weißig,1520,805,678
2004,"08 Blasewitz, Striesen",3077,1557,1345
2004,"09 Tolkewitz, Seidnitz, Gruna",2406,1228,1083
2004,10 StB Leuben,2094,1148,876
2004,"11 Prohlis, Reick (mit Sternhäuser, Am Koitschgraben)",2661,1634,1477
2004,"12 Niedersedlitz, Leubnitz, Strehlen (ohne Sternhäuser, Am Koitschgraben)",2397,1394,1252
2004,"13 Südvorstadt, Zschertnitz",2255,808,784
2004,"14 Mockritz, Coschütz, Plauen",1357,618,614
2004,"15 Cotta, Löbtau, Naußlitz, Dölzschen",3132,1593,1394
2004,16 Gorbitz,1719,892,822
2004,17 Briesnitz und westliche OS,1109,497,511
2005,01 StB Altstadt ohne Johannstadt,6678,3626,3365
2005,02 Johannstadt,1603,719,600
2005,03 StB Neustadt ohne Leipziger Vorstadt,5112,2291,2050
2005,"04 Leipziger Vorstadt, Pieschen",3430,1621,1350
2005,"05 Mickten, Kaditz, Trachau",2356,1162,1045
2005,06 StB Klotzsche und nördliche OS,1548,704,640
2005,07 StB Loschwitz und OS Schönfeld-Weißig,1278,659,616
2005,"08 Blasewitz, Striesen",2528,1351,1055
2005,"09 Tolkewitz, Seidnitz, Gruna",2039,1107,958
2005,10 StB Leuben,1749,887,759
2005,"11 Prohlis, Reick (mit Sternhäuser, Am Koitschgraben)",2222,1390,1247
2005,"12 Niedersedlitz, Leubnitz, Strehlen (ohne Sternhäuser, Am Koitschgraben)",2041,1250,1117
2005,"13 Südvorstadt, Zschertnitz",1979,820,817
2005,"14 Mockritz, Coschütz, Plauen",1199,554,522
2005,"15 Cotta, Löbtau, Naußlitz, Dölzschen",2688,1399,1291
2005,16 Gorbitz,1351,781,711
2005,17 Briesnitz und westliche OS,954,480,411
2006,01 StB Altstadt ohne Johannstadt,7266,4144,3648
2006,02 Johannstadt,1364,612,569
2006,03 StB Neustadt ohne Leipziger Vorstadt,4853,2399,2026
2006,"04 Leipziger Vorstadt, Pieschen",3276,1692,1382
2006,"05 Mickten, Kaditz, Trachau",2431,1354,1250
2006,06 StB Klotzsche und nördliche OS,1443,769,679
2006,07 StB Loschwitz und OS Schönfeld-Weißig,1281,677,615
2006,"08 Blasewitz, Striesen",2189,1249,1016
2006,"09 Tolkewitz, Seidnitz, Gruna",1937,1130,951
2006,10 StB Leuben,1715,894,804
2006,"11 Prohlis, Reick (mit Sternhäuser, Am Koitschgraben)",2114,1331,1251
2006,"12 Niedersedlitz, Leubnitz, Strehlen (ohne Sternhäuser, Am Koitschgraben)",2000,1132,1090
2006,"13 Südvorstadt, Zschertnitz",2165,1043,1007
2006,"14 Mockritz, Coschütz, Plauen",1235,565,512
2006,"15 Cotta, Löbtau, Naußlitz, Dölzschen",3053,1832,1413
2006,16 Gorbitz,1586,949,833
2006,17 Briesnitz und westliche OS,1553,1102,500
2007,01 StB Altstadt ohne Johannstadt,6199,3446,3197
2007,02 Johannstadt,1336,595,549
2007,03 StB Neustadt ohne Leipziger Vorstadt,4910,2325,2136
2007,"04 Leipziger Vorstadt, Pieschen",3608,1633,1516
2007,"05 Mickten, Kaditz, Trachau",2348,1286,1216
2007,06 StB Klotzsche und nördliche OS,1317,748,694
2007,07 StB Loschwitz und OS Schönfeld-Weißig,1219,626,606
2007,"08 Blasewitz, Striesen",2275,1372,980
2007,"09 Tolkewitz, Seidnitz, Gruna",1702,953,888
2007,10 StB Leuben,1697,1008,831
2007,"11 Prohlis, Reick (mit Sternhäuser, Am Koitschgraben)",1959,1193,1136
2007,"12 Niedersedlitz, Leubnitz, Strehlen (ohne Sternhäuser, Am Koitschgraben)",1995,1159,1112
2007,"13 Südvorstadt, Zschertnitz",2219,1136,1035
2007,"14 Mockritz, Coschütz, Plauen",1179,595,457
2007,"15 Cotta, Löbtau, Naußlitz, Dölzschen",2941,1618,1504
2007,16 Gorbitz,1543,830,755
2007,17 Briesnitz und westliche OS,893,481,489
2008,01 StB Altstadt ohne Johannstadt,6639,3818,3581
2008,02 Johannstadt,1451,634,586
2008,03 StB Neustadt ohne Leipziger Vorstadt,4995,2591,2333
2008,"04 Leipziger Vorstadt, Pieschen",3575,1693,1460
2008,"05 Mickten, Kaditz, Trachau",2275,1281,1176
2008,06 StB Klotzsche und nördliche OS,1379,735,715
2008,07 StB Loschwitz und OS Schönfeld-Weißig,1110,559,568
2008,"08 Blasewitz, Striesen",1939,1012,913
2008,"09 Tolkewitz, Seidnitz, Gruna",1728,966,892
2008,10 StB Leuben,1697,835,779
2008,"11 Prohlis, Reick (mit Sternhäuser, Am Koitschgraben)",1973,1213,1152
2008,"12 Niedersedlitz, Leubnitz, Strehlen (ohne Sternhäuser, Am Koitschgraben)",2027,1199,1090
2008,"13 Südvorstadt, Zschertnitz",2086,1063,998
2008,"14 Mockritz, Coschütz, Plauen",1163,614,482
2008,"15 Cotta, Löbtau, Naußlitz, Dölzschen",2798,1519,1377
2008,16 Gorbitz,1684,895,737
2008,17 Briesnitz und westliche OS,881,432,395
2009,01 StB Altstadt ohne Johannstadt,6867,3511,3325
2009,02 Johannstadt,1697,770,671
2009,03 StB Neustadt ohne Leipziger Vorstadt,4780,2457,2180
2009,"04 Leipziger Vorstadt, Pieschen",3261,1467,1362
2009,"05 Mickten, Kaditz, Trachau",2400,1262,1125
2009,06 StB Klotzsche und nördliche OS,1385,590,576
2009,07 StB Loschwitz und OS Schönfeld-Weißig,1058,501,501
2009,"08 Blasewitz, Striesen",2157,1093,899
2009,"09 Tolkewitz, Seidnitz, Gruna",1848,951,855
2009,10 StB Leuben,1400,720,663
2009,"11 Prohlis, Reick (mit Sternhäuser, Am Koitschgraben)",1789,1049,961
2009,"12 Niedersedlitz, Leubnitz, Strehlen (ohne Sternhäuser, Am Koitschgraben)",2046,1215,1029
2009,"13 Südvorstadt, Zschertnitz",2164,912,865
2009,"14 Mockritz, Coschütz, Plauen",1092,466,395
2009,"15 Cotta, Löbtau, Naußlitz, Dölzschen",3948,2603,1380
2009,16 Gorbitz,1515,802,714
2009,17 Briesnitz und westliche OS,826,338,301
2010,01 StB Altstadt ohne Johannstadt,7954,4513,4096
2010,02 Johannstadt,1754,860,651
2010,03 StB Neustadt ohne Leipziger Vorstadt,5374,2477,2257
2010,"04 Leipziger Vorstadt, Pieschen",3582,1546,1392
2010,"05 Mickten, Kaditz, Trachau",2287,1205,1043
2010,06 StB Klotzsche und nördliche OS,1476,773,711
2010,07 StB Loschwitz und OS Schönfeld-Weißig,1123,535,505
2010,"08 Blasewitz, Striesen",2268,1002,866
2010,"09 Tolkewitz, Seidnitz, Gruna",1867,978,828
2010,10 StB Leuben,1665,809,681
2010,"11 Prohlis, Reick (mit Sternhäuser, Am Koitschgraben)",2016,1198,1111
2010,"12 Niedersedlitz, Leubnitz, Strehlen (ohne Sternhäuser, Am Koitschgraben)",2343,1365,1244
2010,"13 Südvorstadt, Zschertnitz",3432,2164,1835
2010,"14 Mockritz, Coschütz, Plauen",1166,479,455
2010,"15 Cotta, Löbtau, Naußlitz, Dölzschen",3267,1786,1510
2010,16 Gorbitz,1668,929,787
2010,17 Briesnitz und westliche OS,978,394,357
2011,01 StB Altstadt ohne Johannstadt,8676,4440,3977
2011,02 Johannstadt,1946,850,641
2011,03 StB Neustadt ohne Leipziger Vorstadt,5911,2476,2297
2011,"04 Leipziger Vorstadt, Pieschen",4289,1620,1361
2011,"05 Mickten, Kaditz, Trachau",2659,1298,1184
2011,06 StB Klotzsche und nördliche OS,1520,698,621
2011,07 StB Loschwitz und OS Schönfeld-Weißig,1124,561,500
2011,"08 Blasewitz, Striesen",2343,957,832
2011,"09 Tolkewitz, Seidnitz, Gruna",2110,1035,892
2011,10 StB Leuben,1774,803,696
2011,"11 Prohlis, Reick (mit Sternhäuser, Am Koitschgraben)",2235,1239,1046
2011,"12 Niedersedlitz, Leubnitz, Strehlen (ohne Sternhäuser, Am Koitschgraben)",2624,1402,1215
2011,"13 Südvorstadt, Zschertnitz",5424,3816,3596
2011,"14 Mockritz, Coschütz, Plauen",1372,487,444
2011,"15 Cotta, Löbtau, Naußlitz, Dölzschen",3252,1575,1368
2011,16 Gorbitz,1594,918,728
2011,17 Briesnitz und westliche OS,891,384,357
2012,01 StB Altstadt ohne Johannstadt,9532,4940,4457
2012,02 Johannstadt,1961,951,636
2012,03 StB Neustadt ohne Leipziger Vorstadt,5779,2580,2271
2012,"04 Leipziger Vorstadt, Pieschen",3963,1770,1462
2012,"05 Mickten, Kaditz, Trachau",2666,1277,1138
2012,06 StB Klotzsche und nördliche OS,1593,702,650
2012,07 StB Loschwitz und OS Schönfeld-Weißig,1118,520,445
2012,"08 Blasewitz, Striesen",2365,991,882
2012,"09 Tolkewitz, Seidnitz, Gruna",2052,1098,912
2012,10 StB Leuben,1926,887,749
2012,"11 Prohlis, Reick (mit Sternhäuser, Am Koitschgraben)",2552,1482,1200
2012,"12 Niedersedlitz, Leubnitz, Strehlen (ohne Sternhäuser, Am Koitschgraben)",2704,1493,1319
2012,"13 Südvorstadt, Zschertnitz",5124,3481,3303
2012,"14 Mockritz, Coschütz, Plauen",1426,604,516
2012,"15 Cotta, Löbtau, Naußlitz, Dölzschen",3517,1738,1451
2012,16 Gorbitz,1576,887,766
2012,17 Briesnitz und westliche OS,1092,507,421
2013,01 StB Altstadt ohne Johannstadt,10290,5006,4423
2013,02 Johannstadt,2150,1102,597
2013,03 StB Neustadt ohne Leipziger Vorstadt,6466,3007,2594
2013,"04 Leipziger Vorstadt, Pieschen",4304,1704,1456
2013,"05 Mickten, Kaditz, Trachau",2899,1356,1194
2013,06 StB Klotzsche und nördliche OS,1593,705,615
2013,07 StB Loschwitz und OS Schönfeld-Weißig,1196,526,462
2013,"08 Blasewitz, Striesen",2565,1074,920
2013,"09 Tolkewitz, Seidnitz, Gruna",1915,910,804
2013,10 StB Leuben,2248,1043,907
2013,"11 Prohlis, Reick (mit Sternhäuser, Am Koitschgraben)",2740,1392,1183
2013,"12 Niedersedlitz, Leubnitz, Strehlen (ohne Sternhäuser, Am Koitschgraben)",2798,1479,1236
2013,"13 Südvorstadt, Zschertnitz",6320,4237,4055
2013,"14 Mockritz, Coschütz, Plauen",1458,516,471
2013,"15 Cotta, Löbtau, Naußlitz, Dölzschen",4431,1661,1394
2013,16 Gorbitz,2062,1244,812
2013,17 Briesnitz und westliche OS,1103,435,382
2014,01 StB Altstadt ohne Johannstadt,11941,6075,5029
2014,02 Johannstadt,1986,810,711
2014,03 StB Neustadt ohne Leipziger Vorstadt,6554,2991,2506
2014,"04 Leipziger Vorstadt, Pieschen",4275,1715,1409
2014,"05 Mickten, Kaditz, Trachau",3108,1441,1290
2014,06 StB Klotzsche und nördliche OS,1505,695,621
2014,07 StB Loschwitz und OS Schönfeld-Weißig,1277,526,569
2014,"08 Blasewitz, Striesen",3028,1438,1249
2014,"09 Tolkewitz, Seidnitz, Gruna",2013,910,807
2014,10 StB Leuben,2263,1033,879
2014,"11 Prohlis, Reick (mit Sternhäuser, Am Koitschgraben)",2694,1617,1260
2014,"12 Niedersedlitz, Leubnitz, Strehlen (ohne Sternhäuser, Am Koitschgraben)",3065,1799,1353
2014,"13 Südvorstadt, Zschertnitz",5028,3337,2790
2014,"14 Mockritz, Coschütz, Plauen",1420,465,522
2014,"15 Cotta, Löbtau, Naußlitz, Dölzschen",3907,1647,1313
2014,16 Gorbitz,1765,905,799
2014,17 Briesnitz und westliche OS,1168,440,410
2015,01 StB Altstadt ohne Johannstadt,12186,6661,5517
2015,02 Johannstadt,1796,799,710
2015,03 StB Neustadt ohne Leipziger Vorstadt,6653,2975,2473
2015,"04 Leipziger Vorstadt, Pieschen",4339,1801,1476
2015,"05 Mickten, Kaditz, Trachau",2564,1225,1145
2015,06 StB Klotzsche und nördliche OS,1246,539,491
2015,07 StB Loschwitz und OS Schönfeld-Weißig,1118,520,483
2015,"08 Blasewitz, Striesen",2638,1314,1190
2015,"09 Tolkewitz, Seidnitz, Gruna",2000,909,783
2015,10 StB Leuben,1956,935,789
2015,"11 Prohlis, Reick (mit Sternhäuser, Am Koitschgraben)",2565,1526,1271
2015,"12 Niedersedlitz, Leubnitz, Strehlen (ohne Sternhäuser, Am Koitschgraben)",2442,1335,1145
2015,"13 Südvorstadt, Zschertnitz",3253,1948,1815
2015,"14 Mockritz, Coschütz, Plauen",1157,509,446
2015,"15 Cotta, Löbtau, Naußlitz, Dölzschen",3328,1670,1410
2015,16 Gorbitz,1919,1103,947
2015,17 Briesnitz und westliche OS,1091,440,425
2016,01 StB Altstadt ohne Johannstadt,14258,9031,7560
2016,02 Johannstadt,1688,646,571
2016,03 StB Neustadt ohne Leipziger Vorstadt,6912,3223,2595
2016,"04 Leipziger Vorstadt, Pieschen",3812,1647,1422
2016,"05 Mickten, Kaditz, Trachau",2507,1291,1147
2016,06 StB Klotzsche und nördliche OS,1283,573,503
2016,07 StB Loschwitz und OS Schönfeld-Weißig,1049,514,475
2016,"08 Blasewitz, Striesen",2876,1332,1188
2016,"09 Tolkewitz, Seidnitz, Gruna",1923,825,691
2016,10 StB Leuben,1821,886,791
2016,"11 Prohlis, Reick (mit Sternhäuser, Am Koitschgraben)",2470,1525,1231
2016,"12 Niedersedlitz, Leubnitz, Strehlen (ohne Sternhäuser, Am Koitschgraben)",2395,1395,1187
2016,"13 Südvorstadt, Zschertnitz",2964,1555,1438
2016,"14 Mockritz, Coschütz, Plauen",1016,401,378
2016,"15 Cotta, Löbtau, Naußlitz, Dölzschen",3436,1717,1351
2016,16 Gorbitz,1939,1224,913
2016,17 Briesnitz und westliche OS,1011,391,379
2017,01 StB Altstadt ohne Johannstadt,12491,7963,6569
2017,02 Johannstadt,1625,695,614
2017,03 StB Neustadt ohne Leipziger Vorstadt,7022,3637,2724
2017,"04 Leipziger Vorstadt, Pieschen",3544,1609,1339
2017,"05 Mickten, Kaditz, Trachau",2339,1274,1149
2017,06 StB Klotzsche und nördliche OS,1048,562,496
2017,07 StB Loschwitz und OS Schönfeld-Weißig,978,502,388
2017,"08 Blasewitz, Striesen",26524,25189,1390
2017,"09 Tolkewitz, Seidnitz, Gruna",1941,839,730
2017,10 StB Leuben,1725,913,733
2017,"11 Prohlis, Reick (mit Sternhäuser, Am Koitschgraben)",2384,1413,1149
2017,"12 Niedersedlitz, Leubnitz, Strehlen (ohne Sternhäuser, Am Koitschgraben)",2077,1180,1073
2017,"13 Südvorstadt, Zschertnitz",2884,1391,1232
2017,"14 Mockritz, Coschütz, Plauen",1004,411,365
2017,"15 Cotta, Löbtau, Naußlitz, Dölzschen",2842,1414,1248
2017,16 Gorbitz,1546,833,701
2017,17 Briesnitz und westliche OS,933,536,412
