,Jahr,Stadtraum,Eigentümer des Gebäudes,Anteil in %
0,1993,01 StB Altstadt ohne Johannstadt,Eigennutzung,0
1,1993,01 StB Altstadt ohne Johannstadt,Eigentümer Wohnungsgenossenschaft,39
2,1993,01 StB Altstadt ohne Johannstadt,Eigentümer Stadt,55
3,1993,01 StB Altstadt ohne Johannstadt,Eigentümer privat,6
4,1993,02 Johannstadt,Eigennutzung,1
5,1993,02 Johannstadt,Eigentümer Wohnungsgenossenschaft,50
6,1993,02 Johannstadt,Eigentümer Stadt,40
7,1993,02 Johannstadt,Eigentümer privat,8
8,1993,03 StB Neustadt ohne Leipziger Vorstadt,Eigennutzung,4
9,1993,03 StB Neustadt ohne Leipziger Vorstadt,Eigentümer Wohnungsgenossenschaft,8
10,1993,03 StB Neustadt ohne Leipziger Vorstadt,Eigentümer Stadt,59
11,1993,03 StB Neustadt ohne Leipziger Vorstadt,Eigentümer privat,29
12,1993,"04 Leipziger Vorstadt, Pieschen",Eigennutzung,5
13,1993,"04 Leipziger Vorstadt, Pieschen",Eigentümer Wohnungsgenossenschaft,19
14,1993,"04 Leipziger Vorstadt, Pieschen",Eigentümer Stadt,48
15,1993,"04 Leipziger Vorstadt, Pieschen",Eigentümer privat,29
16,1993,"05 Mickten, Kaditz, Trachau",Eigennutzung,9
17,1993,"05 Mickten, Kaditz, Trachau",Eigentümer Wohnungsgenossenschaft,24
18,1993,"05 Mickten, Kaditz, Trachau",Eigentümer Stadt,46
19,1993,"05 Mickten, Kaditz, Trachau",Eigentümer privat,21
20,1993,06 StB Klotzsche und nördliche OS,Eigennutzung,34
21,1993,06 StB Klotzsche und nördliche OS,Eigentümer Wohnungsgenossenschaft,37
22,1993,06 StB Klotzsche und nördliche OS,Eigentümer Stadt,16
23,1993,06 StB Klotzsche und nördliche OS,Eigentümer privat,13
24,1993,07 StB Loschwitz und OS Schönfeld-Weißig,Eigennutzung,47
25,1993,07 StB Loschwitz und OS Schönfeld-Weißig,Eigentümer Wohnungsgenossenschaft,3
26,1993,07 StB Loschwitz und OS Schönfeld-Weißig,Eigentümer Stadt,27
27,1993,07 StB Loschwitz und OS Schönfeld-Weißig,Eigentümer privat,23
28,1993,"08 Blasewitz, Striesen",Eigennutzung,3
29,1993,"08 Blasewitz, Striesen",Eigentümer Wohnungsgenossenschaft,28
30,1993,"08 Blasewitz, Striesen",Eigentümer Stadt,45
31,1993,"08 Blasewitz, Striesen",Eigentümer privat,24
32,1993,"09 Tolkewitz, Seidnitz, Gruna",Eigennutzung,3
33,1993,"09 Tolkewitz, Seidnitz, Gruna",Eigentümer Wohnungsgenossenschaft,48
34,1993,"09 Tolkewitz, Seidnitz, Gruna",Eigentümer Stadt,41
35,1993,"09 Tolkewitz, Seidnitz, Gruna",Eigentümer privat,9
36,1993,10 StB Leuben,Eigennutzung,8
37,1993,10 StB Leuben,Eigentümer Wohnungsgenossenschaft,47
38,1993,10 StB Leuben,Eigentümer Stadt,31
39,1993,10 StB Leuben,Eigentümer privat,14
40,1993,"11 Prohlis, Reick (mit Sternhäuser, Am Koitschgraben)",Eigennutzung,2
41,1993,"11 Prohlis, Reick (mit Sternhäuser, Am Koitschgraben)",Eigentümer Wohnungsgenossenschaft,46
42,1993,"11 Prohlis, Reick (mit Sternhäuser, Am Koitschgraben)",Eigentümer Stadt,51
43,1993,"11 Prohlis, Reick (mit Sternhäuser, Am Koitschgraben)",Eigentümer privat,1
44,1993,"12 Niedersedlitz, Leubnitz, Strehlen (ohne Sternhäuser, Am Koitschgraben)",Eigennutzung,27
45,1993,"12 Niedersedlitz, Leubnitz, Strehlen (ohne Sternhäuser, Am Koitschgraben)",Eigentümer Wohnungsgenossenschaft,23
46,1993,"12 Niedersedlitz, Leubnitz, Strehlen (ohne Sternhäuser, Am Koitschgraben)",Eigentümer Stadt,28
47,1993,"12 Niedersedlitz, Leubnitz, Strehlen (ohne Sternhäuser, Am Koitschgraben)",Eigentümer privat,22
48,1993,"13 Südvorstadt, Zschertnitz",Eigennutzung,4
49,1993,"13 Südvorstadt, Zschertnitz",Eigentümer Wohnungsgenossenschaft,39
50,1993,"13 Südvorstadt, Zschertnitz",Eigentümer Stadt,49
51,1993,"13 Südvorstadt, Zschertnitz",Eigentümer privat,8
52,1993,"14 Mockritz, Coschütz, Plauen",Eigennutzung,13
53,1993,"14 Mockritz, Coschütz, Plauen",Eigentümer Wohnungsgenossenschaft,36
54,1993,"14 Mockritz, Coschütz, Plauen",Eigentümer Stadt,35
55,1993,"14 Mockritz, Coschütz, Plauen",Eigentümer privat,17
56,1993,"15 Cotta, Löbtau, Naußlitz, Dölzschen",Eigennutzung,10
57,1993,"15 Cotta, Löbtau, Naußlitz, Dölzschen",Eigentümer Wohnungsgenossenschaft,21
58,1993,"15 Cotta, Löbtau, Naußlitz, Dölzschen",Eigentümer Stadt,46
59,1993,"15 Cotta, Löbtau, Naußlitz, Dölzschen",Eigentümer privat,22
60,1993,16 Gorbitz,Eigennutzung,0
61,1993,16 Gorbitz,Eigentümer Wohnungsgenossenschaft,68
62,1993,16 Gorbitz,Eigentümer Stadt,31
63,1993,16 Gorbitz,Eigentümer privat,0
64,1993,17 Briesnitz und westliche OS,Eigennutzung,33
65,1993,17 Briesnitz und westliche OS,Eigentümer Wohnungsgenossenschaft,25
66,1993,17 Briesnitz und westliche OS,Eigentümer Stadt,29
67,1993,17 Briesnitz und westliche OS,Eigentümer privat,13
68,1993,18 Dresden gesamt,Eigennutzung,8
69,1993,18 Dresden gesamt,Eigentümer Wohnungsgenossenschaft,36
70,1993,18 Dresden gesamt,Eigentümer Stadt,42
71,1993,18 Dresden gesamt,Eigentümer privat,15
72,1995,01 StB Altstadt ohne Johannstadt,Eigennutzung,0
73,1995,01 StB Altstadt ohne Johannstadt,Eigentümer Wohnungsgenossenschaft,45
74,1995,01 StB Altstadt ohne Johannstadt,Eigentümer Stadt,48
75,1995,01 StB Altstadt ohne Johannstadt,Eigentümer privat,8
76,1995,02 Johannstadt,Eigennutzung,3
77,1995,02 Johannstadt,Eigentümer Wohnungsgenossenschaft,50
78,1995,02 Johannstadt,Eigentümer Stadt,39
79,1995,02 Johannstadt,Eigentümer privat,9
80,1995,03 StB Neustadt ohne Leipziger Vorstadt,Eigennutzung,4
81,1995,03 StB Neustadt ohne Leipziger Vorstadt,Eigentümer Wohnungsgenossenschaft,12
82,1995,03 StB Neustadt ohne Leipziger Vorstadt,Eigentümer Stadt,30
83,1995,03 StB Neustadt ohne Leipziger Vorstadt,Eigentümer privat,54
84,1995,"04 Leipziger Vorstadt, Pieschen",Eigennutzung,5
85,1995,"04 Leipziger Vorstadt, Pieschen",Eigentümer Wohnungsgenossenschaft,23
86,1995,"04 Leipziger Vorstadt, Pieschen",Eigentümer Stadt,31
87,1995,"04 Leipziger Vorstadt, Pieschen",Eigentümer privat,41
88,1995,"05 Mickten, Kaditz, Trachau",Eigennutzung,10
89,1995,"05 Mickten, Kaditz, Trachau",Eigentümer Wohnungsgenossenschaft,23
90,1995,"05 Mickten, Kaditz, Trachau",Eigentümer Stadt,40
91,1995,"05 Mickten, Kaditz, Trachau",Eigentümer privat,27
92,1995,06 StB Klotzsche und nördliche OS,Eigennutzung,30
93,1995,06 StB Klotzsche und nördliche OS,Eigentümer Wohnungsgenossenschaft,22
94,1995,06 StB Klotzsche und nördliche OS,Eigentümer Stadt,29
95,1995,06 StB Klotzsche und nördliche OS,Eigentümer privat,19
96,1995,07 StB Loschwitz und OS Schönfeld-Weißig,Eigennutzung,33
97,1995,07 StB Loschwitz und OS Schönfeld-Weißig,Eigentümer Wohnungsgenossenschaft,3
98,1995,07 StB Loschwitz und OS Schönfeld-Weißig,Eigentümer Stadt,13
99,1995,07 StB Loschwitz und OS Schönfeld-Weißig,Eigentümer privat,50
100,1995,"08 Blasewitz, Striesen",Eigennutzung,2
101,1995,"08 Blasewitz, Striesen",Eigentümer Wohnungsgenossenschaft,28
102,1995,"08 Blasewitz, Striesen",Eigentümer Stadt,37
103,1995,"08 Blasewitz, Striesen",Eigentümer privat,34
104,1995,"09 Tolkewitz, Seidnitz, Gruna",Eigennutzung,4
105,1995,"09 Tolkewitz, Seidnitz, Gruna",Eigentümer Wohnungsgenossenschaft,43
106,1995,"09 Tolkewitz, Seidnitz, Gruna",Eigentümer Stadt,40
107,1995,"09 Tolkewitz, Seidnitz, Gruna",Eigentümer privat,13
108,1995,10 StB Leuben,Eigennutzung,12
109,1995,10 StB Leuben,Eigentümer Wohnungsgenossenschaft,42
110,1995,10 StB Leuben,Eigentümer Stadt,32
111,1995,10 StB Leuben,Eigentümer privat,14
112,1995,"11 Prohlis, Reick (mit Sternhäuser, Am Koitschgraben)",Eigennutzung,2
113,1995,"11 Prohlis, Reick (mit Sternhäuser, Am Koitschgraben)",Eigentümer Wohnungsgenossenschaft,48
114,1995,"11 Prohlis, Reick (mit Sternhäuser, Am Koitschgraben)",Eigentümer Stadt,46
115,1995,"11 Prohlis, Reick (mit Sternhäuser, Am Koitschgraben)",Eigentümer privat,3
116,1995,"12 Niedersedlitz, Leubnitz, Strehlen (ohne Sternhäuser, Am Koitschgraben)",Eigennutzung,21
117,1995,"12 Niedersedlitz, Leubnitz, Strehlen (ohne Sternhäuser, Am Koitschgraben)",Eigentümer Wohnungsgenossenschaft,20
118,1995,"12 Niedersedlitz, Leubnitz, Strehlen (ohne Sternhäuser, Am Koitschgraben)",Eigentümer Stadt,20
119,1995,"12 Niedersedlitz, Leubnitz, Strehlen (ohne Sternhäuser, Am Koitschgraben)",Eigentümer privat,38
120,1995,"13 Südvorstadt, Zschertnitz",Eigennutzung,2
121,1995,"13 Südvorstadt, Zschertnitz",Eigentümer Wohnungsgenossenschaft,40
122,1995,"13 Südvorstadt, Zschertnitz",Eigentümer Stadt,50
123,1995,"13 Südvorstadt, Zschertnitz",Eigentümer privat,8
124,1995,"14 Mockritz, Coschütz, Plauen",Eigennutzung,17
125,1995,"14 Mockritz, Coschütz, Plauen",Eigentümer Wohnungsgenossenschaft,28
126,1995,"14 Mockritz, Coschütz, Plauen",Eigentümer Stadt,20
127,1995,"14 Mockritz, Coschütz, Plauen",Eigentümer privat,36
128,1995,"15 Cotta, Löbtau, Naußlitz, Dölzschen",Eigennutzung,9
129,1995,"15 Cotta, Löbtau, Naußlitz, Dölzschen",Eigentümer Wohnungsgenossenschaft,27
130,1995,"15 Cotta, Löbtau, Naußlitz, Dölzschen",Eigentümer Stadt,33
131,1995,"15 Cotta, Löbtau, Naußlitz, Dölzschen",Eigentümer privat,31
132,1995,16 Gorbitz,Eigennutzung,1
133,1995,16 Gorbitz,Eigentümer Wohnungsgenossenschaft,72
134,1995,16 Gorbitz,Eigentümer Stadt,26
135,1995,16 Gorbitz,Eigentümer privat,1
136,1995,17 Briesnitz und westliche OS,Eigennutzung,24
137,1995,17 Briesnitz und westliche OS,Eigentümer Wohnungsgenossenschaft,41
138,1995,17 Briesnitz und westliche OS,Eigentümer Stadt,9
139,1995,17 Briesnitz und westliche OS,Eigentümer privat,26
140,1995,18 Dresden gesamt,Eigennutzung,8
141,1995,18 Dresden gesamt,Eigentümer Wohnungsgenossenschaft,35
142,1995,18 Dresden gesamt,Eigentümer Stadt,35
143,1995,18 Dresden gesamt,Eigentümer privat,22
144,1996,01 StB Altstadt ohne Johannstadt,Eigennutzung,1
145,1996,01 StB Altstadt ohne Johannstadt,Eigentümer Wohnungsgenossenschaft,43
146,1996,01 StB Altstadt ohne Johannstadt,Eigentümer Stadt,48
147,1996,01 StB Altstadt ohne Johannstadt,Eigentümer privat,7
148,1996,02 Johannstadt,Eigennutzung,3
149,1996,02 Johannstadt,Eigentümer Wohnungsgenossenschaft,49
150,1996,02 Johannstadt,Eigentümer Stadt,37
151,1996,02 Johannstadt,Eigentümer privat,11
152,1996,03 StB Neustadt ohne Leipziger Vorstadt,Eigennutzung,5
153,1996,03 StB Neustadt ohne Leipziger Vorstadt,Eigentümer Wohnungsgenossenschaft,4
154,1996,03 StB Neustadt ohne Leipziger Vorstadt,Eigentümer Stadt,37
155,1996,03 StB Neustadt ohne Leipziger Vorstadt,Eigentümer privat,53
156,1996,"04 Leipziger Vorstadt, Pieschen",Eigennutzung,6
157,1996,"04 Leipziger Vorstadt, Pieschen",Eigentümer Wohnungsgenossenschaft,29
158,1996,"04 Leipziger Vorstadt, Pieschen",Eigentümer Stadt,24
159,1996,"04 Leipziger Vorstadt, Pieschen",Eigentümer privat,41
160,1996,"05 Mickten, Kaditz, Trachau",Eigennutzung,9
161,1996,"05 Mickten, Kaditz, Trachau",Eigentümer Wohnungsgenossenschaft,36
162,1996,"05 Mickten, Kaditz, Trachau",Eigentümer Stadt,17
163,1996,"05 Mickten, Kaditz, Trachau",Eigentümer privat,39
164,1996,06 StB Klotzsche und nördliche OS,Eigennutzung,33
165,1996,06 StB Klotzsche und nördliche OS,Eigentümer Wohnungsgenossenschaft,38
166,1996,06 StB Klotzsche und nördliche OS,Eigentümer Stadt,6
167,1996,06 StB Klotzsche und nördliche OS,Eigentümer privat,24
168,1996,07 StB Loschwitz und OS Schönfeld-Weißig,Eigennutzung,47
169,1996,07 StB Loschwitz und OS Schönfeld-Weißig,Eigentümer Wohnungsgenossenschaft,2
170,1996,07 StB Loschwitz und OS Schönfeld-Weißig,Eigentümer Stadt,8
171,1996,07 StB Loschwitz und OS Schönfeld-Weißig,Eigentümer privat,43
172,1996,"08 Blasewitz, Striesen",Eigennutzung,3
173,1996,"08 Blasewitz, Striesen",Eigentümer Wohnungsgenossenschaft,40
174,1996,"08 Blasewitz, Striesen",Eigentümer Stadt,16
175,1996,"08 Blasewitz, Striesen",Eigentümer privat,41
176,1996,"09 Tolkewitz, Seidnitz, Gruna",Eigennutzung,3
177,1996,"09 Tolkewitz, Seidnitz, Gruna",Eigentümer Wohnungsgenossenschaft,42
178,1996,"09 Tolkewitz, Seidnitz, Gruna",Eigentümer Stadt,29
179,1996,"09 Tolkewitz, Seidnitz, Gruna",Eigentümer privat,25
180,1996,10 StB Leuben,Eigennutzung,14
181,1996,10 StB Leuben,Eigentümer Wohnungsgenossenschaft,38
182,1996,10 StB Leuben,Eigentümer Stadt,22
183,1996,10 StB Leuben,Eigentümer privat,26
184,1996,"11 Prohlis, Reick (mit Sternhäuser, Am Koitschgraben)",Eigennutzung,2
185,1996,"11 Prohlis, Reick (mit Sternhäuser, Am Koitschgraben)",Eigentümer Wohnungsgenossenschaft,41
186,1996,"11 Prohlis, Reick (mit Sternhäuser, Am Koitschgraben)",Eigentümer Stadt,53
187,1996,"11 Prohlis, Reick (mit Sternhäuser, Am Koitschgraben)",Eigentümer privat,4
188,1996,"12 Niedersedlitz, Leubnitz, Strehlen (ohne Sternhäuser, Am Koitschgraben)",Eigennutzung,23
189,1996,"12 Niedersedlitz, Leubnitz, Strehlen (ohne Sternhäuser, Am Koitschgraben)",Eigentümer Wohnungsgenossenschaft,21
190,1996,"12 Niedersedlitz, Leubnitz, Strehlen (ohne Sternhäuser, Am Koitschgraben)",Eigentümer Stadt,10
191,1996,"12 Niedersedlitz, Leubnitz, Strehlen (ohne Sternhäuser, Am Koitschgraben)",Eigentümer privat,45
192,1996,"13 Südvorstadt, Zschertnitz",Eigennutzung,5
193,1996,"13 Südvorstadt, Zschertnitz",Eigentümer Wohnungsgenossenschaft,43
194,1996,"13 Südvorstadt, Zschertnitz",Eigentümer Stadt,38
195,1996,"13 Südvorstadt, Zschertnitz",Eigentümer privat,15
196,1996,"14 Mockritz, Coschütz, Plauen",Eigennutzung,20
197,1996,"14 Mockritz, Coschütz, Plauen",Eigentümer Wohnungsgenossenschaft,32
198,1996,"14 Mockritz, Coschütz, Plauen",Eigentümer Stadt,19
199,1996,"14 Mockritz, Coschütz, Plauen",Eigentümer privat,29
200,1996,"15 Cotta, Löbtau, Naußlitz, Dölzschen",Eigennutzung,10
201,1996,"15 Cotta, Löbtau, Naußlitz, Dölzschen",Eigentümer Wohnungsgenossenschaft,22
202,1996,"15 Cotta, Löbtau, Naußlitz, Dölzschen",Eigentümer Stadt,15
203,1996,"15 Cotta, Löbtau, Naußlitz, Dölzschen",Eigentümer privat,53
204,1996,16 Gorbitz,Eigennutzung,2
205,1996,16 Gorbitz,Eigentümer Wohnungsgenossenschaft,73
206,1996,16 Gorbitz,Eigentümer Stadt,24
207,1996,16 Gorbitz,Eigentümer privat,1
208,1996,17 Briesnitz und westliche OS,Eigennutzung,37
209,1996,17 Briesnitz und westliche OS,Eigentümer Wohnungsgenossenschaft,22
210,1996,17 Briesnitz und westliche OS,Eigentümer Stadt,6
211,1996,17 Briesnitz und westliche OS,Eigentümer privat,35
212,1996,18 Dresden gesamt,Eigennutzung,10
213,1996,18 Dresden gesamt,Eigentümer Wohnungsgenossenschaft,36
214,1996,18 Dresden gesamt,Eigentümer Stadt,26
215,1996,18 Dresden gesamt,Eigentümer privat,28
216,1998,01 StB Altstadt ohne Johannstadt,Eigennutzung,1
217,1998,01 StB Altstadt ohne Johannstadt,Eigentümer Wohnungsgenossenschaft,41
218,1998,01 StB Altstadt ohne Johannstadt,Eigentümer Stadt,42
219,1998,01 StB Altstadt ohne Johannstadt,Eigentümer privat,17
220,1998,02 Johannstadt,Eigennutzung,0
221,1998,02 Johannstadt,Eigentümer Wohnungsgenossenschaft,47
222,1998,02 Johannstadt,Eigentümer Stadt,38
223,1998,02 Johannstadt,Eigentümer privat,15
224,1998,03 StB Neustadt ohne Leipziger Vorstadt,Eigennutzung,6
225,1998,03 StB Neustadt ohne Leipziger Vorstadt,Eigentümer Wohnungsgenossenschaft,8
226,1998,03 StB Neustadt ohne Leipziger Vorstadt,Eigentümer Stadt,17
227,1998,03 StB Neustadt ohne Leipziger Vorstadt,Eigentümer privat,69
228,1998,"04 Leipziger Vorstadt, Pieschen",Eigennutzung,4
229,1998,"04 Leipziger Vorstadt, Pieschen",Eigentümer Wohnungsgenossenschaft,27
230,1998,"04 Leipziger Vorstadt, Pieschen",Eigentümer Stadt,15
231,1998,"04 Leipziger Vorstadt, Pieschen",Eigentümer privat,54
232,1998,"05 Mickten, Kaditz, Trachau",Eigennutzung,13
233,1998,"05 Mickten, Kaditz, Trachau",Eigentümer Wohnungsgenossenschaft,33
234,1998,"05 Mickten, Kaditz, Trachau",Eigentümer Stadt,6
235,1998,"05 Mickten, Kaditz, Trachau",Eigentümer privat,48
236,1998,06 StB Klotzsche und nördliche OS,Eigennutzung,29
237,1998,06 StB Klotzsche und nördliche OS,Eigentümer Wohnungsgenossenschaft,32
238,1998,06 StB Klotzsche und nördliche OS,Eigentümer Stadt,7
239,1998,06 StB Klotzsche und nördliche OS,Eigentümer privat,33
240,1998,07 StB Loschwitz und OS Schönfeld-Weißig,Eigennutzung,36
241,1998,07 StB Loschwitz und OS Schönfeld-Weißig,Eigentümer Wohnungsgenossenschaft,2
242,1998,07 StB Loschwitz und OS Schönfeld-Weißig,Eigentümer Stadt,4
243,1998,07 StB Loschwitz und OS Schönfeld-Weißig,Eigentümer privat,59
244,1998,"08 Blasewitz, Striesen",Eigennutzung,5
245,1998,"08 Blasewitz, Striesen",Eigentümer Wohnungsgenossenschaft,25
246,1998,"08 Blasewitz, Striesen",Eigentümer Stadt,13
247,1998,"08 Blasewitz, Striesen",Eigentümer privat,57
248,1998,"09 Tolkewitz, Seidnitz, Gruna",Eigennutzung,4
249,1998,"09 Tolkewitz, Seidnitz, Gruna",Eigentümer Wohnungsgenossenschaft,46
250,1998,"09 Tolkewitz, Seidnitz, Gruna",Eigentümer Stadt,25
251,1998,"09 Tolkewitz, Seidnitz, Gruna",Eigentümer privat,24
252,1998,10 StB Leuben,Eigennutzung,13
253,1998,10 StB Leuben,Eigentümer Wohnungsgenossenschaft,39
254,1998,10 StB Leuben,Eigentümer Stadt,17
255,1998,10 StB Leuben,Eigentümer privat,32
256,1998,"11 Prohlis, Reick (mit Sternhäuser, Am Koitschgraben)",Eigennutzung,5
257,1998,"11 Prohlis, Reick (mit Sternhäuser, Am Koitschgraben)",Eigentümer Wohnungsgenossenschaft,41
258,1998,"11 Prohlis, Reick (mit Sternhäuser, Am Koitschgraben)",Eigentümer Stadt,45
259,1998,"11 Prohlis, Reick (mit Sternhäuser, Am Koitschgraben)",Eigentümer privat,9
260,1998,"12 Niedersedlitz, Leubnitz, Strehlen (ohne Sternhäuser, Am Koitschgraben)",Eigennutzung,20
261,1998,"12 Niedersedlitz, Leubnitz, Strehlen (ohne Sternhäuser, Am Koitschgraben)",Eigentümer Wohnungsgenossenschaft,19
262,1998,"12 Niedersedlitz, Leubnitz, Strehlen (ohne Sternhäuser, Am Koitschgraben)",Eigentümer Stadt,10
263,1998,"12 Niedersedlitz, Leubnitz, Strehlen (ohne Sternhäuser, Am Koitschgraben)",Eigentümer privat,51
264,1998,"13 Südvorstadt, Zschertnitz",Eigennutzung,9
265,1998,"13 Südvorstadt, Zschertnitz",Eigentümer Wohnungsgenossenschaft,38
266,1998,"13 Südvorstadt, Zschertnitz",Eigentümer Stadt,36
267,1998,"13 Südvorstadt, Zschertnitz",Eigentümer privat,17
268,1998,"14 Mockritz, Coschütz, Plauen",Eigennutzung,18
269,1998,"14 Mockritz, Coschütz, Plauen",Eigentümer Wohnungsgenossenschaft,28
270,1998,"14 Mockritz, Coschütz, Plauen",Eigentümer Stadt,10
271,1998,"14 Mockritz, Coschütz, Plauen",Eigentümer privat,44
272,1998,"15 Cotta, Löbtau, Naußlitz, Dölzschen",Eigennutzung,8
273,1998,"15 Cotta, Löbtau, Naußlitz, Dölzschen",Eigentümer Wohnungsgenossenschaft,20
274,1998,"15 Cotta, Löbtau, Naußlitz, Dölzschen",Eigentümer Stadt,12
275,1998,"15 Cotta, Löbtau, Naußlitz, Dölzschen",Eigentümer privat,61
276,1998,16 Gorbitz,Eigennutzung,4
277,1998,16 Gorbitz,Eigentümer Wohnungsgenossenschaft,59
278,1998,16 Gorbitz,Eigentümer Stadt,31
279,1998,16 Gorbitz,Eigentümer privat,7
280,1998,17 Briesnitz und westliche OS,Eigennutzung,27
281,1998,17 Briesnitz und westliche OS,Eigentümer Wohnungsgenossenschaft,21
282,1998,17 Briesnitz und westliche OS,Eigentümer Stadt,6
283,1998,17 Briesnitz und westliche OS,Eigentümer privat,46
284,1998,18 Dresden gesamt,Eigennutzung,10
285,1998,18 Dresden gesamt,Eigentümer Wohnungsgenossenschaft,32
286,1998,18 Dresden gesamt,Eigentümer Stadt,21
287,1998,18 Dresden gesamt,Eigentümer privat,37
288,2002,01 StB Altstadt ohne Johannstadt,Eigennutzung,1
289,2002,01 StB Altstadt ohne Johannstadt,Eigentümer Wohnungsgenossenschaft,40
290,2002,01 StB Altstadt ohne Johannstadt,Eigentümer Stadt,38
291,2002,01 StB Altstadt ohne Johannstadt,Eigentümer privat,21
292,2002,02 Johannstadt,Eigennutzung,3
293,2002,02 Johannstadt,Eigentümer Wohnungsgenossenschaft,47
294,2002,02 Johannstadt,Eigentümer Stadt,35
295,2002,02 Johannstadt,Eigentümer privat,16
296,2002,03 StB Neustadt ohne Leipziger Vorstadt,Eigennutzung,3
297,2002,03 StB Neustadt ohne Leipziger Vorstadt,Eigentümer Wohnungsgenossenschaft,11
298,2002,03 StB Neustadt ohne Leipziger Vorstadt,Eigentümer Stadt,10
299,2002,03 StB Neustadt ohne Leipziger Vorstadt,Eigentümer privat,77
300,2002,"04 Leipziger Vorstadt, Pieschen",Eigennutzung,7
301,2002,"04 Leipziger Vorstadt, Pieschen",Eigentümer Wohnungsgenossenschaft,14
302,2002,"04 Leipziger Vorstadt, Pieschen",Eigentümer Stadt,9
303,2002,"04 Leipziger Vorstadt, Pieschen",Eigentümer privat,70
304,2002,"05 Mickten, Kaditz, Trachau",Eigennutzung,12
305,2002,"05 Mickten, Kaditz, Trachau",Eigentümer Wohnungsgenossenschaft,30
306,2002,"05 Mickten, Kaditz, Trachau",Eigentümer Stadt,5
307,2002,"05 Mickten, Kaditz, Trachau",Eigentümer privat,54
308,2002,06 StB Klotzsche und nördliche OS,Eigennutzung,43
309,2002,06 StB Klotzsche und nördliche OS,Eigentümer Wohnungsgenossenschaft,16
310,2002,06 StB Klotzsche und nördliche OS,Eigentümer Stadt,6
311,2002,06 StB Klotzsche und nördliche OS,Eigentümer privat,36
312,2002,07 StB Loschwitz und OS Schönfeld-Weißig,Eigennutzung,43
313,2002,07 StB Loschwitz und OS Schönfeld-Weißig,Eigentümer Wohnungsgenossenschaft,5
314,2002,07 StB Loschwitz und OS Schönfeld-Weißig,Eigentümer Stadt,2
315,2002,07 StB Loschwitz und OS Schönfeld-Weißig,Eigentümer privat,51
316,2002,"08 Blasewitz, Striesen",Eigennutzung,7
317,2002,"08 Blasewitz, Striesen",Eigentümer Wohnungsgenossenschaft,22
318,2002,"08 Blasewitz, Striesen",Eigentümer Stadt,10
319,2002,"08 Blasewitz, Striesen",Eigentümer privat,62
320,2002,"09 Tolkewitz, Seidnitz, Gruna",Eigennutzung,6
321,2002,"09 Tolkewitz, Seidnitz, Gruna",Eigentümer Wohnungsgenossenschaft,43
322,2002,"09 Tolkewitz, Seidnitz, Gruna",Eigentümer Stadt,19
323,2002,"09 Tolkewitz, Seidnitz, Gruna",Eigentümer privat,33
324,2002,10 StB Leuben,Eigennutzung,17
325,2002,10 StB Leuben,Eigentümer Wohnungsgenossenschaft,29
326,2002,10 StB Leuben,Eigentümer Stadt,17
327,2002,10 StB Leuben,Eigentümer privat,37
328,2002,"11 Prohlis, Reick (mit Sternhäuser, Am Koitschgraben)",Eigennutzung,4
329,2002,"11 Prohlis, Reick (mit Sternhäuser, Am Koitschgraben)",Eigentümer Wohnungsgenossenschaft,19
330,2002,"11 Prohlis, Reick (mit Sternhäuser, Am Koitschgraben)",Eigentümer Stadt,57
331,2002,"11 Prohlis, Reick (mit Sternhäuser, Am Koitschgraben)",Eigentümer privat,20
332,2002,"12 Niedersedlitz, Leubnitz, Strehlen (ohne Sternhäuser, Am Koitschgraben)",Eigennutzung,27
333,2002,"12 Niedersedlitz, Leubnitz, Strehlen (ohne Sternhäuser, Am Koitschgraben)",Eigentümer Wohnungsgenossenschaft,18
334,2002,"12 Niedersedlitz, Leubnitz, Strehlen (ohne Sternhäuser, Am Koitschgraben)",Eigentümer Stadt,14
335,2002,"12 Niedersedlitz, Leubnitz, Strehlen (ohne Sternhäuser, Am Koitschgraben)",Eigentümer privat,40
336,2002,"13 Südvorstadt, Zschertnitz",Eigennutzung,6
337,2002,"13 Südvorstadt, Zschertnitz",Eigentümer Wohnungsgenossenschaft,38
338,2002,"13 Südvorstadt, Zschertnitz",Eigentümer Stadt,41
339,2002,"13 Südvorstadt, Zschertnitz",Eigentümer privat,15
340,2002,"14 Mockritz, Coschütz, Plauen",Eigennutzung,23
341,2002,"14 Mockritz, Coschütz, Plauen",Eigentümer Wohnungsgenossenschaft,24
342,2002,"14 Mockritz, Coschütz, Plauen",Eigentümer Stadt,10
343,2002,"14 Mockritz, Coschütz, Plauen",Eigentümer privat,43
344,2002,"15 Cotta, Löbtau, Naußlitz, Dölzschen",Eigennutzung,14
345,2002,"15 Cotta, Löbtau, Naußlitz, Dölzschen",Eigentümer Wohnungsgenossenschaft,14
346,2002,"15 Cotta, Löbtau, Naußlitz, Dölzschen",Eigentümer Stadt,11
347,2002,"15 Cotta, Löbtau, Naußlitz, Dölzschen",Eigentümer privat,61
348,2002,16 Gorbitz,Eigennutzung,6
349,2002,16 Gorbitz,Eigentümer Wohnungsgenossenschaft,44
350,2002,16 Gorbitz,Eigentümer Stadt,38
351,2002,16 Gorbitz,Eigentümer privat,11
352,2002,17 Briesnitz und westliche OS,Eigennutzung,35
353,2002,17 Briesnitz und westliche OS,Eigentümer Wohnungsgenossenschaft,8
354,2002,17 Briesnitz und westliche OS,Eigentümer Stadt,4
355,2002,17 Briesnitz und westliche OS,Eigentümer privat,53
356,2002,18 Dresden gesamt,Eigennutzung,14
357,2002,18 Dresden gesamt,Eigentümer Wohnungsgenossenschaft,25
358,2002,18 Dresden gesamt,Eigentümer Stadt,19
359,2002,18 Dresden gesamt,Eigentümer privat,42
360,2005,01 StB Altstadt ohne Johannstadt,Eigennutzung,0
361,2005,01 StB Altstadt ohne Johannstadt,Eigentümer Wohnungsgenossenschaft,45
362,2005,01 StB Altstadt ohne Johannstadt,Eigentümer Stadt,40
363,2005,01 StB Altstadt ohne Johannstadt,Eigentümer privat,15
364,2005,02 Johannstadt,Eigennutzung,1
365,2005,02 Johannstadt,Eigentümer Wohnungsgenossenschaft,47
366,2005,02 Johannstadt,Eigentümer Stadt,33
367,2005,02 Johannstadt,Eigentümer privat,19
368,2005,03 StB Neustadt ohne Leipziger Vorstadt,Eigennutzung,7
369,2005,03 StB Neustadt ohne Leipziger Vorstadt,Eigentümer Wohnungsgenossenschaft,8
370,2005,03 StB Neustadt ohne Leipziger Vorstadt,Eigentümer Stadt,21
371,2005,03 StB Neustadt ohne Leipziger Vorstadt,Eigentümer privat,64
372,2005,"04 Leipziger Vorstadt, Pieschen",Eigennutzung,6
373,2005,"04 Leipziger Vorstadt, Pieschen",Eigentümer Wohnungsgenossenschaft,18
374,2005,"04 Leipziger Vorstadt, Pieschen",Eigentümer Stadt,7
375,2005,"04 Leipziger Vorstadt, Pieschen",Eigentümer privat,70
376,2005,"05 Mickten, Kaditz, Trachau",Eigennutzung,10
377,2005,"05 Mickten, Kaditz, Trachau",Eigentümer Wohnungsgenossenschaft,34
378,2005,"05 Mickten, Kaditz, Trachau",Eigentümer Stadt,6
379,2005,"05 Mickten, Kaditz, Trachau",Eigentümer privat,50
380,2005,06 StB Klotzsche und nördliche OS,Eigennutzung,40
381,2005,06 StB Klotzsche und nördliche OS,Eigentümer Wohnungsgenossenschaft,18
382,2005,06 StB Klotzsche und nördliche OS,Eigentümer Stadt,5
383,2005,06 StB Klotzsche und nördliche OS,Eigentümer privat,38
384,2005,07 StB Loschwitz und OS Schönfeld-Weißig,Eigennutzung,45
385,2005,07 StB Loschwitz und OS Schönfeld-Weißig,Eigentümer Wohnungsgenossenschaft,3
386,2005,07 StB Loschwitz und OS Schönfeld-Weißig,Eigentümer Stadt,1
387,2005,07 StB Loschwitz und OS Schönfeld-Weißig,Eigentümer privat,51
388,2005,"08 Blasewitz, Striesen",Eigennutzung,6
389,2005,"08 Blasewitz, Striesen",Eigentümer Wohnungsgenossenschaft,20
390,2005,"08 Blasewitz, Striesen",Eigentümer Stadt,13
391,2005,"08 Blasewitz, Striesen",Eigentümer privat,61
392,2005,"09 Tolkewitz, Seidnitz, Gruna",Eigennutzung,5
393,2005,"09 Tolkewitz, Seidnitz, Gruna",Eigentümer Wohnungsgenossenschaft,40
394,2005,"09 Tolkewitz, Seidnitz, Gruna",Eigentümer Stadt,14
395,2005,"09 Tolkewitz, Seidnitz, Gruna",Eigentümer privat,42
396,2005,10 StB Leuben,Eigennutzung,17
397,2005,10 StB Leuben,Eigentümer Wohnungsgenossenschaft,31
398,2005,10 StB Leuben,Eigentümer Stadt,15
399,2005,10 StB Leuben,Eigentümer privat,38
400,2005,"11 Prohlis, Reick (mit Sternhäuser, Am Koitschgraben)",Eigennutzung,7
401,2005,"11 Prohlis, Reick (mit Sternhäuser, Am Koitschgraben)",Eigentümer Wohnungsgenossenschaft,28
402,2005,"11 Prohlis, Reick (mit Sternhäuser, Am Koitschgraben)",Eigentümer Stadt,35
403,2005,"11 Prohlis, Reick (mit Sternhäuser, Am Koitschgraben)",Eigentümer privat,29
404,2005,"12 Niedersedlitz, Leubnitz, Strehlen (ohne Sternhäuser, Am Koitschgraben)",Eigennutzung,32
405,2005,"12 Niedersedlitz, Leubnitz, Strehlen (ohne Sternhäuser, Am Koitschgraben)",Eigentümer Wohnungsgenossenschaft,17
406,2005,"12 Niedersedlitz, Leubnitz, Strehlen (ohne Sternhäuser, Am Koitschgraben)",Eigentümer Stadt,8
407,2005,"12 Niedersedlitz, Leubnitz, Strehlen (ohne Sternhäuser, Am Koitschgraben)",Eigentümer privat,44
408,2005,"13 Südvorstadt, Zschertnitz",Eigennutzung,13
409,2005,"13 Südvorstadt, Zschertnitz",Eigentümer Wohnungsgenossenschaft,30
410,2005,"13 Südvorstadt, Zschertnitz",Eigentümer Stadt,35
411,2005,"13 Südvorstadt, Zschertnitz",Eigentümer privat,22
412,2005,"14 Mockritz, Coschütz, Plauen",Eigennutzung,21
413,2005,"14 Mockritz, Coschütz, Plauen",Eigentümer Wohnungsgenossenschaft,19
414,2005,"14 Mockritz, Coschütz, Plauen",Eigentümer Stadt,10
415,2005,"14 Mockritz, Coschütz, Plauen",Eigentümer privat,50
416,2005,"15 Cotta, Löbtau, Naußlitz, Dölzschen",Eigennutzung,10
417,2005,"15 Cotta, Löbtau, Naußlitz, Dölzschen",Eigentümer Wohnungsgenossenschaft,15
418,2005,"15 Cotta, Löbtau, Naußlitz, Dölzschen",Eigentümer Stadt,3
419,2005,"15 Cotta, Löbtau, Naußlitz, Dölzschen",Eigentümer privat,71
420,2005,16 Gorbitz,Eigennutzung,5
421,2005,16 Gorbitz,Eigentümer Wohnungsgenossenschaft,49
422,2005,16 Gorbitz,Eigentümer Stadt,35
423,2005,16 Gorbitz,Eigentümer privat,10
424,2005,17 Briesnitz und westliche OS,Eigennutzung,40
425,2005,17 Briesnitz und westliche OS,Eigentümer Wohnungsgenossenschaft,6
426,2005,17 Briesnitz und westliche OS,Eigentümer Stadt,2
427,2005,17 Briesnitz und westliche OS,Eigentümer privat,53
428,2005,18 Dresden gesamt,Eigennutzung,15
429,2005,18 Dresden gesamt,Eigentümer Wohnungsgenossenschaft,26
430,2005,18 Dresden gesamt,Eigentümer Stadt,17
431,2005,18 Dresden gesamt,Eigentümer privat,43
432,2007,01 StB Altstadt ohne Johannstadt,Eigennutzung,2
433,2007,01 StB Altstadt ohne Johannstadt,Eigentümer Wohnungsgenossenschaft,36
434,2007,01 StB Altstadt ohne Johannstadt,Eigentümer Stadt,39
435,2007,01 StB Altstadt ohne Johannstadt,Eigentümer privat,23
436,2007,02 Johannstadt,Eigennutzung,1
437,2007,02 Johannstadt,Eigentümer Wohnungsgenossenschaft,47
438,2007,02 Johannstadt,Eigentümer Stadt,30
439,2007,02 Johannstadt,Eigentümer privat,22
440,2007,03 StB Neustadt ohne Leipziger Vorstadt,Eigennutzung,6
441,2007,03 StB Neustadt ohne Leipziger Vorstadt,Eigentümer Wohnungsgenossenschaft,6
442,2007,03 StB Neustadt ohne Leipziger Vorstadt,Eigentümer Stadt,13
443,2007,03 StB Neustadt ohne Leipziger Vorstadt,Eigentümer privat,76
444,2007,"04 Leipziger Vorstadt, Pieschen",Eigennutzung,7
445,2007,"04 Leipziger Vorstadt, Pieschen",Eigentümer Wohnungsgenossenschaft,12
446,2007,"04 Leipziger Vorstadt, Pieschen",Eigentümer Stadt,5
447,2007,"04 Leipziger Vorstadt, Pieschen",Eigentümer privat,76
448,2007,"05 Mickten, Kaditz, Trachau",Eigennutzung,13
449,2007,"05 Mickten, Kaditz, Trachau",Eigentümer Wohnungsgenossenschaft,27
450,2007,"05 Mickten, Kaditz, Trachau",Eigentümer Stadt,3
451,2007,"05 Mickten, Kaditz, Trachau",Eigentümer privat,57
452,2007,06 StB Klotzsche und nördliche OS,Eigennutzung,45
453,2007,06 StB Klotzsche und nördliche OS,Eigentümer Wohnungsgenossenschaft,14
454,2007,06 StB Klotzsche und nördliche OS,Eigentümer Stadt,3
455,2007,06 StB Klotzsche und nördliche OS,Eigentümer privat,38
456,2007,07 StB Loschwitz und OS Schönfeld-Weißig,Eigennutzung,43
457,2007,07 StB Loschwitz und OS Schönfeld-Weißig,Eigentümer Wohnungsgenossenschaft,2
458,2007,07 StB Loschwitz und OS Schönfeld-Weißig,Eigentümer Stadt,1
459,2007,07 StB Loschwitz und OS Schönfeld-Weißig,Eigentümer privat,53
460,2007,"08 Blasewitz, Striesen",Eigennutzung,8
461,2007,"08 Blasewitz, Striesen",Eigentümer Wohnungsgenossenschaft,18
462,2007,"08 Blasewitz, Striesen",Eigentümer Stadt,9
463,2007,"08 Blasewitz, Striesen",Eigentümer privat,66
464,2007,"09 Tolkewitz, Seidnitz, Gruna",Eigennutzung,9
465,2007,"09 Tolkewitz, Seidnitz, Gruna",Eigentümer Wohnungsgenossenschaft,37
466,2007,"09 Tolkewitz, Seidnitz, Gruna",Eigentümer Stadt,18
467,2007,"09 Tolkewitz, Seidnitz, Gruna",Eigentümer privat,37
468,2007,10 StB Leuben,Eigennutzung,18
469,2007,10 StB Leuben,Eigentümer Wohnungsgenossenschaft,33
470,2007,10 StB Leuben,Eigentümer Stadt,13
471,2007,10 StB Leuben,Eigentümer privat,36
472,2007,"11 Prohlis, Reick (mit Sternhäuser, Am Koitschgraben)",Eigennutzung,3
473,2007,"11 Prohlis, Reick (mit Sternhäuser, Am Koitschgraben)",Eigentümer Wohnungsgenossenschaft,44
474,2007,"11 Prohlis, Reick (mit Sternhäuser, Am Koitschgraben)",Eigentümer Stadt,30
475,2007,"11 Prohlis, Reick (mit Sternhäuser, Am Koitschgraben)",Eigentümer privat,23
476,2007,"12 Niedersedlitz, Leubnitz, Strehlen (ohne Sternhäuser, Am Koitschgraben)",Eigennutzung,32
477,2007,"12 Niedersedlitz, Leubnitz, Strehlen (ohne Sternhäuser, Am Koitschgraben)",Eigentümer Wohnungsgenossenschaft,15
478,2007,"12 Niedersedlitz, Leubnitz, Strehlen (ohne Sternhäuser, Am Koitschgraben)",Eigentümer Stadt,3
479,2007,"12 Niedersedlitz, Leubnitz, Strehlen (ohne Sternhäuser, Am Koitschgraben)",Eigentümer privat,51
480,2007,"13 Südvorstadt, Zschertnitz",Eigennutzung,10
481,2007,"13 Südvorstadt, Zschertnitz",Eigentümer Wohnungsgenossenschaft,25
482,2007,"13 Südvorstadt, Zschertnitz",Eigentümer Stadt,39
483,2007,"13 Südvorstadt, Zschertnitz",Eigentümer privat,26
484,2007,"14 Mockritz, Coschütz, Plauen",Eigennutzung,25
485,2007,"14 Mockritz, Coschütz, Plauen",Eigentümer Wohnungsgenossenschaft,24
486,2007,"14 Mockritz, Coschütz, Plauen",Eigentümer Stadt,9
487,2007,"14 Mockritz, Coschütz, Plauen",Eigentümer privat,42
488,2007,"15 Cotta, Löbtau, Naußlitz, Dölzschen",Eigennutzung,10
489,2007,"15 Cotta, Löbtau, Naußlitz, Dölzschen",Eigentümer Wohnungsgenossenschaft,15
490,2007,"15 Cotta, Löbtau, Naußlitz, Dölzschen",Eigentümer Stadt,7
491,2007,"15 Cotta, Löbtau, Naußlitz, Dölzschen",Eigentümer privat,69
492,2007,16 Gorbitz,Eigennutzung,3
493,2007,16 Gorbitz,Eigentümer Wohnungsgenossenschaft,55
494,2007,16 Gorbitz,Eigentümer Stadt,30
495,2007,16 Gorbitz,Eigentümer privat,13
496,2007,17 Briesnitz und westliche OS,Eigennutzung,42
497,2007,17 Briesnitz und westliche OS,Eigentümer Wohnungsgenossenschaft,10
498,2007,17 Briesnitz und westliche OS,Eigentümer Stadt,1
499,2007,17 Briesnitz und westliche OS,Eigentümer privat,47
500,2007,18 Dresden gesamt,Eigennutzung,15
501,2007,18 Dresden gesamt,Eigentümer Wohnungsgenossenschaft,24
502,2007,18 Dresden gesamt,Eigentümer Stadt,15
503,2007,18 Dresden gesamt,Eigentümer privat,46
504,2010,01 StB Altstadt ohne Johannstadt,Eigennutzung,2
505,2010,01 StB Altstadt ohne Johannstadt,Eigentümer Wohnungsgenossenschaft,37
506,2010,01 StB Altstadt ohne Johannstadt,Eigentümer Stadt,34
507,2010,01 StB Altstadt ohne Johannstadt,Eigentümer privat,27
508,2010,02 Johannstadt,Eigennutzung,1
509,2010,02 Johannstadt,Eigentümer Wohnungsgenossenschaft,46
510,2010,02 Johannstadt,Eigentümer Stadt,26
511,2010,02 Johannstadt,Eigentümer privat,27
512,2010,03 StB Neustadt ohne Leipziger Vorstadt,Eigennutzung,7
513,2010,03 StB Neustadt ohne Leipziger Vorstadt,Eigentümer Wohnungsgenossenschaft,5
514,2010,03 StB Neustadt ohne Leipziger Vorstadt,Eigentümer Stadt,12
515,2010,03 StB Neustadt ohne Leipziger Vorstadt,Eigentümer privat,76
516,2010,"04 Leipziger Vorstadt, Pieschen",Eigennutzung,6
517,2010,"04 Leipziger Vorstadt, Pieschen",Eigentümer Wohnungsgenossenschaft,5
518,2010,"04 Leipziger Vorstadt, Pieschen",Eigentümer Stadt,7
519,2010,"04 Leipziger Vorstadt, Pieschen",Eigentümer privat,82
520,2010,"05 Mickten, Kaditz, Trachau",Eigennutzung,11
521,2010,"05 Mickten, Kaditz, Trachau",Eigentümer Wohnungsgenossenschaft,30
522,2010,"05 Mickten, Kaditz, Trachau",Eigentümer Stadt,5
523,2010,"05 Mickten, Kaditz, Trachau",Eigentümer privat,53
524,2010,06 StB Klotzsche und nördliche OS,Eigennutzung,46
525,2010,06 StB Klotzsche und nördliche OS,Eigentümer Wohnungsgenossenschaft,18
526,2010,06 StB Klotzsche und nördliche OS,Eigentümer Stadt,7
527,2010,06 StB Klotzsche und nördliche OS,Eigentümer privat,29
528,2010,07 StB Loschwitz und OS Schönfeld-Weißig,Eigennutzung,44
529,2010,07 StB Loschwitz und OS Schönfeld-Weißig,Eigentümer Wohnungsgenossenschaft,2
530,2010,07 StB Loschwitz und OS Schönfeld-Weißig,Eigentümer Stadt,1
531,2010,07 StB Loschwitz und OS Schönfeld-Weißig,Eigentümer privat,52
532,2010,"08 Blasewitz, Striesen",Eigennutzung,8
533,2010,"08 Blasewitz, Striesen",Eigentümer Wohnungsgenossenschaft,17
534,2010,"08 Blasewitz, Striesen",Eigentümer Stadt,13
535,2010,"08 Blasewitz, Striesen",Eigentümer privat,62
536,2010,"09 Tolkewitz, Seidnitz, Gruna",Eigennutzung,5
537,2010,"09 Tolkewitz, Seidnitz, Gruna",Eigentümer Wohnungsgenossenschaft,43
538,2010,"09 Tolkewitz, Seidnitz, Gruna",Eigentümer Stadt,17
539,2010,"09 Tolkewitz, Seidnitz, Gruna",Eigentümer privat,35
540,2010,10 StB Leuben,Eigennutzung,18
541,2010,10 StB Leuben,Eigentümer Wohnungsgenossenschaft,25
542,2010,10 StB Leuben,Eigentümer Stadt,14
543,2010,10 StB Leuben,Eigentümer privat,43
544,2010,"11 Prohlis, Reick (mit Sternhäuser, Am Koitschgraben)",Eigennutzung,6
545,2010,"11 Prohlis, Reick (mit Sternhäuser, Am Koitschgraben)",Eigentümer Wohnungsgenossenschaft,42
546,2010,"11 Prohlis, Reick (mit Sternhäuser, Am Koitschgraben)",Eigentümer Stadt,26
547,2010,"11 Prohlis, Reick (mit Sternhäuser, Am Koitschgraben)",Eigentümer privat,26
548,2010,"12 Niedersedlitz, Leubnitz, Strehlen (ohne Sternhäuser, Am Koitschgraben)",Eigennutzung,25
549,2010,"12 Niedersedlitz, Leubnitz, Strehlen (ohne Sternhäuser, Am Koitschgraben)",Eigentümer Wohnungsgenossenschaft,23
550,2010,"12 Niedersedlitz, Leubnitz, Strehlen (ohne Sternhäuser, Am Koitschgraben)",Eigentümer Stadt,4
551,2010,"12 Niedersedlitz, Leubnitz, Strehlen (ohne Sternhäuser, Am Koitschgraben)",Eigentümer privat,49
552,2010,"13 Südvorstadt, Zschertnitz",Eigennutzung,4
553,2010,"13 Südvorstadt, Zschertnitz",Eigentümer Wohnungsgenossenschaft,31
554,2010,"13 Südvorstadt, Zschertnitz",Eigentümer Stadt,38
555,2010,"13 Südvorstadt, Zschertnitz",Eigentümer privat,27
556,2010,"14 Mockritz, Coschütz, Plauen",Eigennutzung,27
557,2010,"14 Mockritz, Coschütz, Plauen",Eigentümer Wohnungsgenossenschaft,21
558,2010,"14 Mockritz, Coschütz, Plauen",Eigentümer Stadt,8
559,2010,"14 Mockritz, Coschütz, Plauen",Eigentümer privat,45
560,2010,"15 Cotta, Löbtau, Naußlitz, Dölzschen",Eigennutzung,9
561,2010,"15 Cotta, Löbtau, Naußlitz, Dölzschen",Eigentümer Wohnungsgenossenschaft,12
562,2010,"15 Cotta, Löbtau, Naußlitz, Dölzschen",Eigentümer Stadt,7
563,2010,"15 Cotta, Löbtau, Naußlitz, Dölzschen",Eigentümer privat,72
564,2010,16 Gorbitz,Eigennutzung,2
565,2010,16 Gorbitz,Eigentümer Wohnungsgenossenschaft,55
566,2010,16 Gorbitz,Eigentümer Stadt,27
567,2010,16 Gorbitz,Eigentümer privat,15
568,2010,17 Briesnitz und westliche OS,Eigennutzung,35
569,2010,17 Briesnitz und westliche OS,Eigentümer Wohnungsgenossenschaft,10
570,2010,17 Briesnitz und westliche OS,Eigentümer Stadt,2
571,2010,17 Briesnitz und westliche OS,Eigentümer privat,53
572,2010,18 Dresden gesamt,Eigennutzung,14
573,2010,18 Dresden gesamt,Eigentümer Wohnungsgenossenschaft,24
574,2010,18 Dresden gesamt,Eigentümer Stadt,14
575,2010,18 Dresden gesamt,Eigentümer privat,48
576,2012,01 StB Altstadt ohne Johannstadt,Eigennutzung,2
577,2012,01 StB Altstadt ohne Johannstadt,Eigentümer Wohnungsgenossenschaft,35
578,2012,01 StB Altstadt ohne Johannstadt,Eigentümer Stadt,30
579,2012,01 StB Altstadt ohne Johannstadt,Eigentümer privat,34
580,2012,02 Johannstadt,Eigennutzung,1
581,2012,02 Johannstadt,Eigentümer Wohnungsgenossenschaft,46
582,2012,02 Johannstadt,Eigentümer Stadt,29
583,2012,02 Johannstadt,Eigentümer privat,24
584,2012,03 StB Neustadt ohne Leipziger Vorstadt,Eigennutzung,8
585,2012,03 StB Neustadt ohne Leipziger Vorstadt,Eigentümer Wohnungsgenossenschaft,8
586,2012,03 StB Neustadt ohne Leipziger Vorstadt,Eigentümer Stadt,15
587,2012,03 StB Neustadt ohne Leipziger Vorstadt,Eigentümer privat,70
588,2012,"04 Leipziger Vorstadt, Pieschen",Eigennutzung,6
589,2012,"04 Leipziger Vorstadt, Pieschen",Eigentümer Wohnungsgenossenschaft,13
590,2012,"04 Leipziger Vorstadt, Pieschen",Eigentümer Stadt,3
591,2012,"04 Leipziger Vorstadt, Pieschen",Eigentümer privat,78
592,2012,"05 Mickten, Kaditz, Trachau",Eigennutzung,12
593,2012,"05 Mickten, Kaditz, Trachau",Eigentümer Wohnungsgenossenschaft,30
594,2012,"05 Mickten, Kaditz, Trachau",Eigentümer Stadt,6
595,2012,"05 Mickten, Kaditz, Trachau",Eigentümer privat,53
596,2012,06 StB Klotzsche und nördliche OS,Eigennutzung,49
597,2012,06 StB Klotzsche und nördliche OS,Eigentümer Wohnungsgenossenschaft,22
598,2012,06 StB Klotzsche und nördliche OS,Eigentümer Stadt,3
599,2012,06 StB Klotzsche und nördliche OS,Eigentümer privat,26
600,2012,07 StB Loschwitz und OS Schönfeld-Weißig,Eigennutzung,54
601,2012,07 StB Loschwitz und OS Schönfeld-Weißig,Eigentümer Wohnungsgenossenschaft,4
602,2012,07 StB Loschwitz und OS Schönfeld-Weißig,Eigentümer Stadt,2
603,2012,07 StB Loschwitz und OS Schönfeld-Weißig,Eigentümer privat,41
604,2012,"08 Blasewitz, Striesen",Eigennutzung,11
605,2012,"08 Blasewitz, Striesen",Eigentümer Wohnungsgenossenschaft,21
606,2012,"08 Blasewitz, Striesen",Eigentümer Stadt,13
607,2012,"08 Blasewitz, Striesen",Eigentümer privat,56
608,2012,"09 Tolkewitz, Seidnitz, Gruna",Eigennutzung,9
609,2012,"09 Tolkewitz, Seidnitz, Gruna",Eigentümer Wohnungsgenossenschaft,39
610,2012,"09 Tolkewitz, Seidnitz, Gruna",Eigentümer Stadt,18
611,2012,"09 Tolkewitz, Seidnitz, Gruna",Eigentümer privat,34
612,2012,10 StB Leuben,Eigennutzung,17
613,2012,10 StB Leuben,Eigentümer Wohnungsgenossenschaft,32
614,2012,10 StB Leuben,Eigentümer Stadt,16
615,2012,10 StB Leuben,Eigentümer privat,35
616,2012,"11 Prohlis, Reick (mit Sternhäuser, Am Koitschgraben)",Eigennutzung,9
617,2012,"11 Prohlis, Reick (mit Sternhäuser, Am Koitschgraben)",Eigentümer Wohnungsgenossenschaft,39
618,2012,"11 Prohlis, Reick (mit Sternhäuser, Am Koitschgraben)",Eigentümer Stadt,28
619,2012,"11 Prohlis, Reick (mit Sternhäuser, Am Koitschgraben)",Eigentümer privat,24
620,2012,"12 Niedersedlitz, Leubnitz, Strehlen (ohne Sternhäuser, Am Koitschgraben)",Eigennutzung,30
621,2012,"12 Niedersedlitz, Leubnitz, Strehlen (ohne Sternhäuser, Am Koitschgraben)",Eigentümer Wohnungsgenossenschaft,20
622,2012,"12 Niedersedlitz, Leubnitz, Strehlen (ohne Sternhäuser, Am Koitschgraben)",Eigentümer Stadt,5
623,2012,"12 Niedersedlitz, Leubnitz, Strehlen (ohne Sternhäuser, Am Koitschgraben)",Eigentümer privat,45
624,2012,"13 Südvorstadt, Zschertnitz",Eigennutzung,8
625,2012,"13 Südvorstadt, Zschertnitz",Eigentümer Wohnungsgenossenschaft,34
626,2012,"13 Südvorstadt, Zschertnitz",Eigentümer Stadt,35
627,2012,"13 Südvorstadt, Zschertnitz",Eigentümer privat,24
628,2012,"14 Mockritz, Coschütz, Plauen",Eigennutzung,23
629,2012,"14 Mockritz, Coschütz, Plauen",Eigentümer Wohnungsgenossenschaft,22
630,2012,"14 Mockritz, Coschütz, Plauen",Eigentümer Stadt,8
631,2012,"14 Mockritz, Coschütz, Plauen",Eigentümer privat,47
632,2012,"15 Cotta, Löbtau, Naußlitz, Dölzschen",Eigennutzung,11
633,2012,"15 Cotta, Löbtau, Naußlitz, Dölzschen",Eigentümer Wohnungsgenossenschaft,24
634,2012,"15 Cotta, Löbtau, Naußlitz, Dölzschen",Eigentümer Stadt,3
635,2012,"15 Cotta, Löbtau, Naußlitz, Dölzschen",Eigentümer privat,61
636,2012,16 Gorbitz,Eigennutzung,5
637,2012,16 Gorbitz,Eigentümer Wohnungsgenossenschaft,53
638,2012,16 Gorbitz,Eigentümer Stadt,31
639,2012,16 Gorbitz,Eigentümer privat,11
640,2012,17 Briesnitz und westliche OS,Eigennutzung,42
641,2012,17 Briesnitz und westliche OS,Eigentümer Wohnungsgenossenschaft,12
642,2012,17 Briesnitz und westliche OS,Eigentümer Stadt,2
643,2012,17 Briesnitz und westliche OS,Eigentümer privat,44
644,2012,18 Dresden gesamt,Eigennutzung,16
645,2012,18 Dresden gesamt,Eigentümer Wohnungsgenossenschaft,26
646,2012,18 Dresden gesamt,Eigentümer Stadt,14
647,2012,18 Dresden gesamt,Eigentümer privat,44
648,2014,01 StB Altstadt ohne Johannstadt,Eigennutzung,2
649,2014,01 StB Altstadt ohne Johannstadt,Eigentümer Wohnungsgenossenschaft,35
650,2014,01 StB Altstadt ohne Johannstadt,Eigentümer Stadt,27
651,2014,01 StB Altstadt ohne Johannstadt,Eigentümer privat,37
652,2014,02 Johannstadt,Eigennutzung,0
653,2014,02 Johannstadt,Eigentümer Wohnungsgenossenschaft,47
654,2014,02 Johannstadt,Eigentümer Stadt,24
655,2014,02 Johannstadt,Eigentümer privat,29
656,2014,03 StB Neustadt ohne Leipziger Vorstadt,Eigennutzung,7
657,2014,03 StB Neustadt ohne Leipziger Vorstadt,Eigentümer Wohnungsgenossenschaft,6
658,2014,03 StB Neustadt ohne Leipziger Vorstadt,Eigentümer Stadt,10
659,2014,03 StB Neustadt ohne Leipziger Vorstadt,Eigentümer privat,77
660,2014,"04 Leipziger Vorstadt, Pieschen",Eigennutzung,9
661,2014,"04 Leipziger Vorstadt, Pieschen",Eigentümer Wohnungsgenossenschaft,11
662,2014,"04 Leipziger Vorstadt, Pieschen",Eigentümer Stadt,5
663,2014,"04 Leipziger Vorstadt, Pieschen",Eigentümer privat,75
664,2014,"05 Mickten, Kaditz, Trachau",Eigennutzung,14
665,2014,"05 Mickten, Kaditz, Trachau",Eigentümer Wohnungsgenossenschaft,20
666,2014,"05 Mickten, Kaditz, Trachau",Eigentümer Stadt,4
667,2014,"05 Mickten, Kaditz, Trachau",Eigentümer privat,62
668,2014,06 StB Klotzsche und nördliche OS,Eigennutzung,47
669,2014,06 StB Klotzsche und nördliche OS,Eigentümer Wohnungsgenossenschaft,12
670,2014,06 StB Klotzsche und nördliche OS,Eigentümer Stadt,4
671,2014,06 StB Klotzsche und nördliche OS,Eigentümer privat,37
672,2014,07 StB Loschwitz und OS Schönfeld-Weißig,Eigennutzung,49
673,2014,07 StB Loschwitz und OS Schönfeld-Weißig,Eigentümer Wohnungsgenossenschaft,6
674,2014,07 StB Loschwitz und OS Schönfeld-Weißig,Eigentümer Stadt,1
675,2014,07 StB Loschwitz und OS Schönfeld-Weißig,Eigentümer privat,45
676,2014,"08 Blasewitz, Striesen",Eigennutzung,10
677,2014,"08 Blasewitz, Striesen",Eigentümer Wohnungsgenossenschaft,16
678,2014,"08 Blasewitz, Striesen",Eigentümer Stadt,13
679,2014,"08 Blasewitz, Striesen",Eigentümer privat,60
680,2014,"09 Tolkewitz, Seidnitz, Gruna",Eigennutzung,8
681,2014,"09 Tolkewitz, Seidnitz, Gruna",Eigentümer Wohnungsgenossenschaft,38
682,2014,"09 Tolkewitz, Seidnitz, Gruna",Eigentümer Stadt,17
683,2014,"09 Tolkewitz, Seidnitz, Gruna",Eigentümer privat,38
684,2014,10 StB Leuben,Eigennutzung,20
685,2014,10 StB Leuben,Eigentümer Wohnungsgenossenschaft,29
686,2014,10 StB Leuben,Eigentümer Stadt,17
687,2014,10 StB Leuben,Eigentümer privat,34
688,2014,"11 Prohlis, Reick (mit Sternhäuser, Am Koitschgraben)",Eigennutzung,6
689,2014,"11 Prohlis, Reick (mit Sternhäuser, Am Koitschgraben)",Eigentümer Wohnungsgenossenschaft,39
690,2014,"11 Prohlis, Reick (mit Sternhäuser, Am Koitschgraben)",Eigentümer Stadt,33
691,2014,"11 Prohlis, Reick (mit Sternhäuser, Am Koitschgraben)",Eigentümer privat,23
692,2014,"12 Niedersedlitz, Leubnitz, Strehlen (ohne Sternhäuser, Am Koitschgraben)",Eigennutzung,36
693,2014,"12 Niedersedlitz, Leubnitz, Strehlen (ohne Sternhäuser, Am Koitschgraben)",Eigentümer Wohnungsgenossenschaft,15
694,2014,"12 Niedersedlitz, Leubnitz, Strehlen (ohne Sternhäuser, Am Koitschgraben)",Eigentümer Stadt,6
695,2014,"12 Niedersedlitz, Leubnitz, Strehlen (ohne Sternhäuser, Am Koitschgraben)",Eigentümer privat,43
696,2014,"13 Südvorstadt, Zschertnitz",Eigennutzung,8
697,2014,"13 Südvorstadt, Zschertnitz",Eigentümer Wohnungsgenossenschaft,28
698,2014,"13 Südvorstadt, Zschertnitz",Eigentümer Stadt,43
699,2014,"13 Südvorstadt, Zschertnitz",Eigentümer privat,21
700,2014,"14 Mockritz, Coschütz, Plauen",Eigennutzung,23
701,2014,"14 Mockritz, Coschütz, Plauen",Eigentümer Wohnungsgenossenschaft,21
702,2014,"14 Mockritz, Coschütz, Plauen",Eigentümer Stadt,10
703,2014,"14 Mockritz, Coschütz, Plauen",Eigentümer privat,47
704,2014,"15 Cotta, Löbtau, Naußlitz, Dölzschen",Eigennutzung,11
705,2014,"15 Cotta, Löbtau, Naußlitz, Dölzschen",Eigentümer Wohnungsgenossenschaft,18
706,2014,"15 Cotta, Löbtau, Naußlitz, Dölzschen",Eigentümer Stadt,4
707,2014,"15 Cotta, Löbtau, Naußlitz, Dölzschen",Eigentümer privat,68
708,2014,16 Gorbitz,Eigennutzung,5
709,2014,16 Gorbitz,Eigentümer Wohnungsgenossenschaft,44
710,2014,16 Gorbitz,Eigentümer Stadt,35
711,2014,16 Gorbitz,Eigentümer privat,16
712,2014,17 Briesnitz und westliche OS,Eigennutzung,46
713,2014,17 Briesnitz und westliche OS,Eigentümer Wohnungsgenossenschaft,9
714,2014,17 Briesnitz und westliche OS,Eigentümer Stadt,3
715,2014,17 Briesnitz und westliche OS,Eigentümer privat,41
716,2014,18 Dresden gesamt,Eigennutzung,16
717,2014,18 Dresden gesamt,Eigentümer Wohnungsgenossenschaft,22
718,2014,18 Dresden gesamt,Eigentümer Stadt,14
719,2014,18 Dresden gesamt,Eigentümer privat,48
720,2016,01 StB Altstadt ohne Johannstadt,Eigennutzung,1
721,2016,01 StB Altstadt ohne Johannstadt,Eigentümer Wohnungsgenossenschaft,34
722,2016,01 StB Altstadt ohne Johannstadt,Eigentümer Stadt,29
723,2016,01 StB Altstadt ohne Johannstadt,Eigentümer privat,36
724,2016,02 Johannstadt,Eigennutzung,1
725,2016,02 Johannstadt,Eigentümer Wohnungsgenossenschaft,38
726,2016,02 Johannstadt,Eigentümer Stadt,29
727,2016,02 Johannstadt,Eigentümer privat,32
728,2016,03 StB Neustadt ohne Leipziger Vorstadt,Eigennutzung,4
729,2016,03 StB Neustadt ohne Leipziger Vorstadt,Eigentümer Wohnungsgenossenschaft,8
730,2016,03 StB Neustadt ohne Leipziger Vorstadt,Eigentümer Stadt,10
731,2016,03 StB Neustadt ohne Leipziger Vorstadt,Eigentümer privat,77
732,2016,"04 Leipziger Vorstadt, Pieschen",Eigennutzung,7
733,2016,"04 Leipziger Vorstadt, Pieschen",Eigentümer Wohnungsgenossenschaft,14
734,2016,"04 Leipziger Vorstadt, Pieschen",Eigentümer Stadt,5
735,2016,"04 Leipziger Vorstadt, Pieschen",Eigentümer privat,74
736,2016,"05 Mickten, Kaditz, Trachau",Eigennutzung,14
737,2016,"05 Mickten, Kaditz, Trachau",Eigentümer Wohnungsgenossenschaft,33
738,2016,"05 Mickten, Kaditz, Trachau",Eigentümer Stadt,6
739,2016,"05 Mickten, Kaditz, Trachau",Eigentümer privat,47
740,2016,06 StB Klotzsche und nördliche OS,Eigennutzung,45
741,2016,06 StB Klotzsche und nördliche OS,Eigentümer Wohnungsgenossenschaft,14
742,2016,06 StB Klotzsche und nördliche OS,Eigentümer Stadt,2
743,2016,06 StB Klotzsche und nördliche OS,Eigentümer privat,40
744,2016,07 StB Loschwitz und OS Schönfeld-Weißig,Eigennutzung,49
745,2016,07 StB Loschwitz und OS Schönfeld-Weißig,Eigentümer Wohnungsgenossenschaft,1
746,2016,07 StB Loschwitz und OS Schönfeld-Weißig,Eigentümer Stadt,0
747,2016,07 StB Loschwitz und OS Schönfeld-Weißig,Eigentümer privat,50
748,2016,"08 Blasewitz, Striesen",Eigennutzung,12
749,2016,"08 Blasewitz, Striesen",Eigentümer Wohnungsgenossenschaft,23
750,2016,"08 Blasewitz, Striesen",Eigentümer Stadt,11
751,2016,"08 Blasewitz, Striesen",Eigentümer privat,55
752,2016,"09 Tolkewitz, Seidnitz, Gruna",Eigennutzung,6
753,2016,"09 Tolkewitz, Seidnitz, Gruna",Eigentümer Wohnungsgenossenschaft,35
754,2016,"09 Tolkewitz, Seidnitz, Gruna",Eigentümer Stadt,19
755,2016,"09 Tolkewitz, Seidnitz, Gruna",Eigentümer privat,41
756,2016,10 StB Leuben,Eigennutzung,21
757,2016,10 StB Leuben,Eigentümer Wohnungsgenossenschaft,26
758,2016,10 StB Leuben,Eigentümer Stadt,15
759,2016,10 StB Leuben,Eigentümer privat,38
760,2016,"11 Prohlis, Reick (mit Sternhäuser, Am Koitschgraben)",Eigennutzung,6
761,2016,"11 Prohlis, Reick (mit Sternhäuser, Am Koitschgraben)",Eigentümer Wohnungsgenossenschaft,34
762,2016,"11 Prohlis, Reick (mit Sternhäuser, Am Koitschgraben)",Eigentümer Stadt,38
763,2016,"11 Prohlis, Reick (mit Sternhäuser, Am Koitschgraben)",Eigentümer privat,22
764,2016,"12 Niedersedlitz, Leubnitz, Strehlen (ohne Sternhäuser, Am Koitschgraben)",Eigennutzung,31
765,2016,"12 Niedersedlitz, Leubnitz, Strehlen (ohne Sternhäuser, Am Koitschgraben)",Eigentümer Wohnungsgenossenschaft,12
766,2016,"12 Niedersedlitz, Leubnitz, Strehlen (ohne Sternhäuser, Am Koitschgraben)",Eigentümer Stadt,9
767,2016,"12 Niedersedlitz, Leubnitz, Strehlen (ohne Sternhäuser, Am Koitschgraben)",Eigentümer privat,48
768,2016,"13 Südvorstadt, Zschertnitz",Eigennutzung,8
769,2016,"13 Südvorstadt, Zschertnitz",Eigentümer Wohnungsgenossenschaft,27
770,2016,"13 Südvorstadt, Zschertnitz",Eigentümer Stadt,35
771,2016,"13 Südvorstadt, Zschertnitz",Eigentümer privat,30
772,2016,"14 Mockritz, Coschütz, Plauen",Eigennutzung,20
773,2016,"14 Mockritz, Coschütz, Plauen",Eigentümer Wohnungsgenossenschaft,17
774,2016,"14 Mockritz, Coschütz, Plauen",Eigentümer Stadt,6
775,2016,"14 Mockritz, Coschütz, Plauen",Eigentümer privat,57
776,2016,"15 Cotta, Löbtau, Naußlitz, Dölzschen",Eigennutzung,14
777,2016,"15 Cotta, Löbtau, Naußlitz, Dölzschen",Eigentümer Wohnungsgenossenschaft,12
778,2016,"15 Cotta, Löbtau, Naußlitz, Dölzschen",Eigentümer Stadt,3
779,2016,"15 Cotta, Löbtau, Naußlitz, Dölzschen",Eigentümer privat,71
780,2016,16 Gorbitz,Eigennutzung,5
781,2016,16 Gorbitz,Eigentümer Wohnungsgenossenschaft,45
782,2016,16 Gorbitz,Eigentümer Stadt,35
783,2016,16 Gorbitz,Eigentümer privat,15
784,2016,17 Briesnitz und westliche OS,Eigennutzung,45
785,2016,17 Briesnitz und westliche OS,Eigentümer Wohnungsgenossenschaft,7
786,2016,17 Briesnitz und westliche OS,Eigentümer Stadt,4
787,2016,17 Briesnitz und westliche OS,Eigentümer privat,44
788,2016,18 Dresden gesamt,Eigennutzung,15
789,2016,18 Dresden gesamt,Eigentümer Wohnungsgenossenschaft,21
790,2016,18 Dresden gesamt,Eigentümer Stadt,14
791,2016,18 Dresden gesamt,Eigentümer privat,49
