Jahr,Stadtraum,Gestorbene
1999,01 StB Altstadt ohne Johannstadt,589
1999,02 Johannstadt,309
1999,03 StB Neustadt ohne Leipziger Vorstadt,185
1999,"04 Leipziger Vorstadt, Pieschen",194
1999,"05 Mickten, Kaditz, Trachau",222
1999,06 StB Klotzsche und nördliche OS,225
1999,07 StB Loschwitz und OS Schönfeld-Weißig,271
1999,"08 Blasewitz, Striesen",263
1999,"09 Tolkewitz, Seidnitz, Gruna",295
1999,10 StB Leuben,324
1999,"11 Prohlis, Reick (mit Sternhäuser, Am Koitschgraben)",301
1999,"12 Niedersedlitz, Leubnitz, Strehlen (ohne Sternhäuser, Am Koitschgraben)",269
1999,"13 Südvorstadt, Zschertnitz",198
1999,"14 Mockritz, Coschütz, Plauen",149
1999,"15 Cotta, Löbtau, Naußlitz, Dölzschen",304
1999,16 Gorbitz,350
1999,17 Briesnitz und westliche OS,161
2000,01 StB Altstadt ohne Johannstadt,547
2000,02 Johannstadt,338
2000,03 StB Neustadt ohne Leipziger Vorstadt,202
2000,"04 Leipziger Vorstadt, Pieschen",229
2000,"05 Mickten, Kaditz, Trachau",224
2000,06 StB Klotzsche und nördliche OS,264
2000,07 StB Loschwitz und OS Schönfeld-Weißig,286
2000,"08 Blasewitz, Striesen",279
2000,"09 Tolkewitz, Seidnitz, Gruna",307
2000,10 StB Leuben,325
2000,"11 Prohlis, Reick (mit Sternhäuser, Am Koitschgraben)",313
2000,"12 Niedersedlitz, Leubnitz, Strehlen (ohne Sternhäuser, Am Koitschgraben)",298
2000,"13 Südvorstadt, Zschertnitz",253
2000,"14 Mockritz, Coschütz, Plauen",154
2000,"15 Cotta, Löbtau, Naußlitz, Dölzschen",283
2000,16 Gorbitz,349
2000,17 Briesnitz und westliche OS,161
2001,01 StB Altstadt ohne Johannstadt,565
2001,02 Johannstadt,306
2001,03 StB Neustadt ohne Leipziger Vorstadt,203
2001,"04 Leipziger Vorstadt, Pieschen",219
2001,"05 Mickten, Kaditz, Trachau",245
2001,06 StB Klotzsche und nördliche OS,246
2001,07 StB Loschwitz und OS Schönfeld-Weißig,291
2001,"08 Blasewitz, Striesen",318
2001,"09 Tolkewitz, Seidnitz, Gruna",303
2001,10 StB Leuben,341
2001,"11 Prohlis, Reick (mit Sternhäuser, Am Koitschgraben)",280
2001,"12 Niedersedlitz, Leubnitz, Strehlen (ohne Sternhäuser, Am Koitschgraben)",319
2001,"13 Südvorstadt, Zschertnitz",199
2001,"14 Mockritz, Coschütz, Plauen",164
2001,"15 Cotta, Löbtau, Naußlitz, Dölzschen",229
2001,16 Gorbitz,317
2001,17 Briesnitz und westliche OS,157
2003,01 StB Altstadt ohne Johannstadt,614
2003,02 Johannstadt,411
2003,03 StB Neustadt ohne Leipziger Vorstadt,222
2003,"04 Leipziger Vorstadt, Pieschen",276
2003,"05 Mickten, Kaditz, Trachau",191
2003,06 StB Klotzsche und nördliche OS,279
2003,07 StB Loschwitz und OS Schönfeld-Weißig,296
2003,"08 Blasewitz, Striesen",349
2003,"09 Tolkewitz, Seidnitz, Gruna",277
2003,10 StB Leuben,389
2003,"11 Prohlis, Reick (mit Sternhäuser, Am Koitschgraben)",217
2003,"12 Niedersedlitz, Leubnitz, Strehlen (ohne Sternhäuser, Am Koitschgraben)",295
2003,"13 Südvorstadt, Zschertnitz",192
2003,"14 Mockritz, Coschütz, Plauen",172
2003,"15 Cotta, Löbtau, Naußlitz, Dölzschen",224
2003,16 Gorbitz,262
2003,17 Briesnitz und westliche OS,156
2004,01 StB Altstadt ohne Johannstadt,594
2004,02 Johannstadt,434
2004,03 StB Neustadt ohne Leipziger Vorstadt,225
2004,"04 Leipziger Vorstadt, Pieschen",247
2004,"05 Mickten, Kaditz, Trachau",216
2004,06 StB Klotzsche und nördliche OS,244
2004,07 StB Loschwitz und OS Schönfeld-Weißig,321
2004,"08 Blasewitz, Striesen",290
2004,"09 Tolkewitz, Seidnitz, Gruna",274
2004,10 StB Leuben,439
2004,"11 Prohlis, Reick (mit Sternhäuser, Am Koitschgraben)",243
2004,"12 Niedersedlitz, Leubnitz, Strehlen (ohne Sternhäuser, Am Koitschgraben)",303
2004,"13 Südvorstadt, Zschertnitz",164
2004,"14 Mockritz, Coschütz, Plauen",164
2004,"15 Cotta, Löbtau, Naußlitz, Dölzschen",244
2004,16 Gorbitz,252
2004,17 Briesnitz und westliche OS,159
2005,01 StB Altstadt ohne Johannstadt,574
2005,02 Johannstadt,419
2005,03 StB Neustadt ohne Leipziger Vorstadt,215
2005,"04 Leipziger Vorstadt, Pieschen",259
2005,"05 Mickten, Kaditz, Trachau",202
2005,06 StB Klotzsche und nördliche OS,269
2005,07 StB Loschwitz und OS Schönfeld-Weißig,298
2005,"08 Blasewitz, Striesen",302
2005,"09 Tolkewitz, Seidnitz, Gruna",262
2005,10 StB Leuben,425
2005,"11 Prohlis, Reick (mit Sternhäuser, Am Koitschgraben)",233
2005,"12 Niedersedlitz, Leubnitz, Strehlen (ohne Sternhäuser, Am Koitschgraben)",299
2005,"13 Südvorstadt, Zschertnitz",172
2005,"14 Mockritz, Coschütz, Plauen",191
2005,"15 Cotta, Löbtau, Naußlitz, Dölzschen",265
2005,16 Gorbitz,283
2005,17 Briesnitz und westliche OS,168
2006,01 StB Altstadt ohne Johannstadt,502
2006,02 Johannstadt,394
2006,03 StB Neustadt ohne Leipziger Vorstadt,180
2006,"04 Leipziger Vorstadt, Pieschen",238
2006,"05 Mickten, Kaditz, Trachau",188
2006,06 StB Klotzsche und nördliche OS,266
2006,07 StB Loschwitz und OS Schönfeld-Weißig,259
2006,"08 Blasewitz, Striesen",383
2006,"09 Tolkewitz, Seidnitz, Gruna",278
2006,10 StB Leuben,385
2006,"11 Prohlis, Reick (mit Sternhäuser, Am Koitschgraben)",255
2006,"12 Niedersedlitz, Leubnitz, Strehlen (ohne Sternhäuser, Am Koitschgraben)",302
2006,"13 Südvorstadt, Zschertnitz",185
2006,"14 Mockritz, Coschütz, Plauen",163
2006,"15 Cotta, Löbtau, Naußlitz, Dölzschen",246
2006,16 Gorbitz,275
2006,17 Briesnitz und westliche OS,153
2007,01 StB Altstadt ohne Johannstadt,481
2007,02 Johannstadt,430
2007,03 StB Neustadt ohne Leipziger Vorstadt,207
2007,"04 Leipziger Vorstadt, Pieschen",215
2007,"05 Mickten, Kaditz, Trachau",183
2007,06 StB Klotzsche und nördliche OS,276
2007,07 StB Loschwitz und OS Schönfeld-Weißig,267
2007,"08 Blasewitz, Striesen",348
2007,"09 Tolkewitz, Seidnitz, Gruna",272
2007,10 StB Leuben,404
2007,"11 Prohlis, Reick (mit Sternhäuser, Am Koitschgraben)",296
2007,"12 Niedersedlitz, Leubnitz, Strehlen (ohne Sternhäuser, Am Koitschgraben)",257
2007,"13 Südvorstadt, Zschertnitz",172
2007,"14 Mockritz, Coschütz, Plauen",196
2007,"15 Cotta, Löbtau, Naußlitz, Dölzschen",235
2007,16 Gorbitz,288
2007,17 Briesnitz und westliche OS,168
2008,01 StB Altstadt ohne Johannstadt,516
2008,02 Johannstadt,462
2008,03 StB Neustadt ohne Leipziger Vorstadt,193
2008,"04 Leipziger Vorstadt, Pieschen",232
2008,"05 Mickten, Kaditz, Trachau",199
2008,06 StB Klotzsche und nördliche OS,264
2008,07 StB Loschwitz und OS Schönfeld-Weißig,276
2008,"08 Blasewitz, Striesen",356
2008,"09 Tolkewitz, Seidnitz, Gruna",288
2008,10 StB Leuben,451
2008,"11 Prohlis, Reick (mit Sternhäuser, Am Koitschgraben)",282
2008,"12 Niedersedlitz, Leubnitz, Strehlen (ohne Sternhäuser, Am Koitschgraben)",260
2008,"13 Südvorstadt, Zschertnitz",176
2008,"14 Mockritz, Coschütz, Plauen",215
2008,"15 Cotta, Löbtau, Naußlitz, Dölzschen",243
2008,16 Gorbitz,280
2008,17 Briesnitz und westliche OS,140
2009,01 StB Altstadt ohne Johannstadt,568
2009,02 Johannstadt,464
2009,03 StB Neustadt ohne Leipziger Vorstadt,229
2009,"04 Leipziger Vorstadt, Pieschen",240
2009,"05 Mickten, Kaditz, Trachau",203
2009,06 StB Klotzsche und nördliche OS,300
2009,07 StB Loschwitz und OS Schönfeld-Weißig,299
2009,"08 Blasewitz, Striesen",383
2009,"09 Tolkewitz, Seidnitz, Gruna",307
2009,10 StB Leuben,393
2009,"11 Prohlis, Reick (mit Sternhäuser, Am Koitschgraben)",332
2009,"12 Niedersedlitz, Leubnitz, Strehlen (ohne Sternhäuser, Am Koitschgraben)",267
2009,"13 Südvorstadt, Zschertnitz",181
2009,"14 Mockritz, Coschütz, Plauen",225
2009,"15 Cotta, Löbtau, Naußlitz, Dölzschen",235
2009,16 Gorbitz,312
2009,17 Briesnitz und westliche OS,155
2010,01 StB Altstadt ohne Johannstadt,550
2010,02 Johannstadt,425
2010,03 StB Neustadt ohne Leipziger Vorstadt,228
2010,"04 Leipziger Vorstadt, Pieschen",232
2010,"05 Mickten, Kaditz, Trachau",175
2010,06 StB Klotzsche und nördliche OS,246
2010,07 StB Loschwitz und OS Schönfeld-Weißig,270
2010,"08 Blasewitz, Striesen",351
2010,"09 Tolkewitz, Seidnitz, Gruna",319
2010,10 StB Leuben,462
2010,"11 Prohlis, Reick (mit Sternhäuser, Am Koitschgraben)",295
2010,"12 Niedersedlitz, Leubnitz, Strehlen (ohne Sternhäuser, Am Koitschgraben)",234
2010,"13 Südvorstadt, Zschertnitz",174
2010,"14 Mockritz, Coschütz, Plauen",196
2010,"15 Cotta, Löbtau, Naußlitz, Dölzschen",238
2010,16 Gorbitz,312
2010,17 Briesnitz und westliche OS,170
2011,01 StB Altstadt ohne Johannstadt,478
2011,02 Johannstadt,417
2011,03 StB Neustadt ohne Leipziger Vorstadt,240
2011,"04 Leipziger Vorstadt, Pieschen",245
2011,"05 Mickten, Kaditz, Trachau",187
2011,06 StB Klotzsche und nördliche OS,246
2011,07 StB Loschwitz und OS Schönfeld-Weißig,278
2011,"08 Blasewitz, Striesen",354
2011,"09 Tolkewitz, Seidnitz, Gruna",295
2011,10 StB Leuben,425
2011,"11 Prohlis, Reick (mit Sternhäuser, Am Koitschgraben)",293
2011,"12 Niedersedlitz, Leubnitz, Strehlen (ohne Sternhäuser, Am Koitschgraben)",245
2011,"13 Südvorstadt, Zschertnitz",183
2011,"14 Mockritz, Coschütz, Plauen",193
2011,"15 Cotta, Löbtau, Naußlitz, Dölzschen",241
2011,16 Gorbitz,283
2011,17 Briesnitz und westliche OS,177
2012,01 StB Altstadt ohne Johannstadt,565
2012,02 Johannstadt,468
2012,03 StB Neustadt ohne Leipziger Vorstadt,197
2012,"04 Leipziger Vorstadt, Pieschen",263
2012,"05 Mickten, Kaditz, Trachau",190
2012,06 StB Klotzsche und nördliche OS,265
2012,07 StB Loschwitz und OS Schönfeld-Weißig,327
2012,"08 Blasewitz, Striesen",337
2012,"09 Tolkewitz, Seidnitz, Gruna",311
2012,10 StB Leuben,395
2012,"11 Prohlis, Reick (mit Sternhäuser, Am Koitschgraben)",317
2012,"12 Niedersedlitz, Leubnitz, Strehlen (ohne Sternhäuser, Am Koitschgraben)",223
2012,"13 Südvorstadt, Zschertnitz",206
2012,"14 Mockritz, Coschütz, Plauen",183
2012,"15 Cotta, Löbtau, Naußlitz, Dölzschen",252
2012,16 Gorbitz,274
2012,17 Briesnitz und westliche OS,155
2013,01 StB Altstadt ohne Johannstadt,654
2013,02 Johannstadt,473
2013,03 StB Neustadt ohne Leipziger Vorstadt,252
2013,"04 Leipziger Vorstadt, Pieschen",239
2013,"05 Mickten, Kaditz, Trachau",196
2013,06 StB Klotzsche und nördliche OS,289
2013,07 StB Loschwitz und OS Schönfeld-Weißig,310
2013,"08 Blasewitz, Striesen",430
2013,"09 Tolkewitz, Seidnitz, Gruna",294
2013,10 StB Leuben,455
2013,"11 Prohlis, Reick (mit Sternhäuser, Am Koitschgraben)",319
2013,"12 Niedersedlitz, Leubnitz, Strehlen (ohne Sternhäuser, Am Koitschgraben)",260
2013,"13 Südvorstadt, Zschertnitz",208
2013,"14 Mockritz, Coschütz, Plauen",195
2013,"15 Cotta, Löbtau, Naußlitz, Dölzschen",295
2013,16 Gorbitz,301
2013,17 Briesnitz und westliche OS,164
2014,01 StB Altstadt ohne Johannstadt,576
2014,02 Johannstadt,461
2014,03 StB Neustadt ohne Leipziger Vorstadt,224
2014,"04 Leipziger Vorstadt, Pieschen",222
2014,"05 Mickten, Kaditz, Trachau",183
2014,06 StB Klotzsche und nördliche OS,282
2014,07 StB Loschwitz und OS Schönfeld-Weißig,290
2014,"08 Blasewitz, Striesen",390
2014,"09 Tolkewitz, Seidnitz, Gruna",299
2014,10 StB Leuben,408
2014,"11 Prohlis, Reick (mit Sternhäuser, Am Koitschgraben)",328
2014,"12 Niedersedlitz, Leubnitz, Strehlen (ohne Sternhäuser, Am Koitschgraben)",268
2014,"13 Südvorstadt, Zschertnitz",193
2014,"14 Mockritz, Coschütz, Plauen",189
2014,"15 Cotta, Löbtau, Naußlitz, Dölzschen",278
2014,16 Gorbitz,269
2014,17 Briesnitz und westliche OS,147
2015,01 StB Altstadt ohne Johannstadt,613
2015,02 Johannstadt,461
2015,03 StB Neustadt ohne Leipziger Vorstadt,273
2015,"04 Leipziger Vorstadt, Pieschen",242
2015,"05 Mickten, Kaditz, Trachau",166
2015,06 StB Klotzsche und nördliche OS,329
2015,07 StB Loschwitz und OS Schönfeld-Weißig,309
2015,"08 Blasewitz, Striesen",387
2015,"09 Tolkewitz, Seidnitz, Gruna",346
2015,10 StB Leuben,519
2015,"11 Prohlis, Reick (mit Sternhäuser, Am Koitschgraben)",354
2015,"12 Niedersedlitz, Leubnitz, Strehlen (ohne Sternhäuser, Am Koitschgraben)",251
2015,"13 Südvorstadt, Zschertnitz",227
2015,"14 Mockritz, Coschütz, Plauen",192
2015,"15 Cotta, Löbtau, Naußlitz, Dölzschen",288
2015,16 Gorbitz,308
2015,17 Briesnitz und westliche OS,192
2016,01 StB Altstadt ohne Johannstadt,603
2016,02 Johannstadt,498
2016,03 StB Neustadt ohne Leipziger Vorstadt,234
2016,"04 Leipziger Vorstadt, Pieschen",232
2016,"05 Mickten, Kaditz, Trachau",188
2016,06 StB Klotzsche und nördliche OS,244
2016,07 StB Loschwitz und OS Schönfeld-Weißig,304
2016,"08 Blasewitz, Striesen",399
2016,"09 Tolkewitz, Seidnitz, Gruna",321
2016,10 StB Leuben,441
2016,"11 Prohlis, Reick (mit Sternhäuser, Am Koitschgraben)",324
2016,"12 Niedersedlitz, Leubnitz, Strehlen (ohne Sternhäuser, Am Koitschgraben)",273
2016,"13 Südvorstadt, Zschertnitz",244
2016,"14 Mockritz, Coschütz, Plauen",173
2016,"15 Cotta, Löbtau, Naußlitz, Dölzschen",246
2016,16 Gorbitz,286
2016,17 Briesnitz und westliche OS,153
2017,01 StB Altstadt ohne Johannstadt,591
2017,02 Johannstadt,491
2017,03 StB Neustadt ohne Leipziger Vorstadt,249
2017,"04 Leipziger Vorstadt, Pieschen",222
2017,"05 Mickten, Kaditz, Trachau",194
2017,06 StB Klotzsche und nördliche OS,285
2017,07 StB Loschwitz und OS Schönfeld-Weißig,335
2017,"08 Blasewitz, Striesen",395
2017,"09 Tolkewitz, Seidnitz, Gruna",321
2017,10 StB Leuben,443
2017,"11 Prohlis, Reick (mit Sternhäuser, Am Koitschgraben)",354
2017,"12 Niedersedlitz, Leubnitz, Strehlen (ohne Sternhäuser, Am Koitschgraben)",251
2017,"13 Südvorstadt, Zschertnitz",272
2017,"14 Mockritz, Coschütz, Plauen",189
2017,"15 Cotta, Löbtau, Naußlitz, Dölzschen",245
2017,16 Gorbitz,339
2017,17 Briesnitz und westliche OS,164
